t,Antenna ID,Event Code,Device ID,x,y, Tile ID
0,10,0,253,600714.924071,649097.225440,145
0,23,0,245,600110.959703,651829.085065,895
0,5,0,280,599917.314726,648764.937245,56
0,23,0,246,600110.959703,651829.085065,895
0,39,0,276,601136.553094,649742.965420,338
0,63,0,299,600431.357885,648956.498195,115
0,156,0,283,602103.592967,649742.183146,348
0,101,0,273,600216.462154,649458.409534,248
0,79,0,292,600509.614350,651407.658028,791
0,77,0,270,600008.765087,650833.277593,624
0,227,0,297,600995.281445,652785.571876,1147
0,161,0,259,600203.078702,651730.080000,869
0,194,0,289,600384.426337,650135.919067,439
0,227,0,296,600995.281445,652785.571876,1147
0,159,0,230,601129.055069,653193.950076,1256
0,142,0,268,600564.455101,652729.315347,1142
0,156,0,284,602103.592967,649742.183146,348
0,133,0,241,601462.694847,648964.107958,125
0,180,0,257,600901.554282,651774.870814,876
0,79,0,291,600509.614350,651407.658028,791
0,131,0,234,601514.911596,650068.348954,423
0,133,0,242,601462.694847,648964.107958,125
1,64,0,242,600736.867391,649689.335190,307
1,79,2,291,600364.633387,651523.163791,816
1,188,0,253,600598.953909,649243.843553,198
1,194,2,289,600384.426337,650135.919067,439
1,131,2,234,601514.911596,650068.348954,423
1,66,0,299,600319.176858,649061.334547,141
1,212,0,273,599767.764248,650111.852675,432
1,133,1,241,600736.867391,649689.335190,307
1,227,1,296,600855.708095,652890.405888,1172
1,180,1,257,600780.251541,651912.216713,929
1,31,0,296,600855.708095,652890.405888,1172
1,63,1,299,600319.176858,649061.334547,141
1,23,2,245,599987.832676,651933.067514,921
1,64,0,241,600736.867391,649689.335190,307
1,77,2,270,600008.765087,650833.277593,624
1,156,1,283,601958.740413,649895.012895,373
1,9,0,276,601026.924381,649883.108971,364
1,5,2,280,599771.940531,648894.482459,81
1,227,1,297,600855.708095,652890.405888,1172
1,23,0,259,600078.941324,651854.245087,895
1,23,2,246,599987.832676,651933.067514,921
1,39,1,276,601026.924381,649883.108971,364
1,31,0,297,600855.708095,652890.405888,1172
1,57,0,284,601958.740413,649895.012895,373
1,79,2,292,600364.633387,651523.163791,816
1,133,1,242,600736.867391,649689.335190,307
1,10,1,253,600598.953909,649243.843553,198
1,89,0,257,600780.251541,651912.216713,929
1,159,2,230,601129.055069,653193.950076,1256
1,161,1,259,600078.941324,651854.245087,895
1,142,2,268,600564.455101,652729.315347,1142
1,101,1,273,599767.764248,650111.852675,432
1,57,0,283,601958.740413,649895.012895,373
1,156,1,284,601958.740413,649895.012895,373
2,99,0,299,600200.989607,649159.349940,167
2,9,2,276,601026.924381,649883.108971,364
2,161,0,292,600240.900504,651661.190001,842
2,23,2,259,600078.941324,651854.245087,895
2,64,1,242,600008.586770,650412.098893,516
2,159,0,297,600752.336562,653031.065819,1225
2,159,2,230,601129.055069,653193.950076,1256
2,142,1,268,600249.086878,651734.235542,869
2,161,0,268,600249.086878,651734.235542,869
2,31,1,296,600752.336562,653031.065819,1225
2,161,0,291,600240.900504,651661.190001,842
2,131,2,234,601514.911596,650068.348954,423
2,23,2,245,599987.832676,651933.067514,921
2,57,1,284,601786.220382,650015.744138,426
2,188,1,253,600464.137508,649373.344469,223
2,159,0,296,600752.336562,653031.065819,1225
2,23,2,246,599987.832676,651933.067514,921
2,79,1,291,600240.900504,651661.190001,842
2,31,1,297,600752.336562,653031.065819,1225
2,190,0,241,600008.586770,650412.098893,516
2,176,0,257,600658.073690,652048.784732,954
2,32,0,270,600843.233523,651348.733208,767
2,5,2,280,599771.940531,648894.482459,81
2,79,1,292,600240.900504,651661.190001,842
2,66,1,299,600200.989607,649159.349940,167
2,212,2,273,599767.764248,650111.852675,432
2,77,1,270,600843.233523,651348.733208,767
2,89,1,257,600658.073690,652048.784732,954
2,194,2,289,600384.426337,650135.919067,439
2,57,1,283,601786.220382,650015.744138,426
2,64,1,241,600008.586770,650412.098893,516
2,170,0,283,601786.220382,650015.744138,426
2,170,0,284,601786.220382,650015.744138,426
2,190,0,242,600008.586770,650412.098893,516
2,99,0,253,600464.137508,649373.344469,223
3,194,2,289,600384.426337,650135.919067,439
3,61,0,270,600657.792821,650385.590535,495
3,35,0,297,600632.185614,653157.693777,1251
3,23,2,246,599987.832676,651933.067514,921
3,161,1,268,601071.987545,651091.993044,688
3,101,0,299,600098.666177,649273.827706,193
3,190,2,241,600008.586770,650412.098893,516
3,32,1,270,600657.792821,650385.590535,495
3,23,2,259,600078.941324,651854.245087,895
3,23,2,245,599987.832676,651933.067514,921
3,9,2,276,601026.924381,649883.108971,364
3,99,1,299,600098.666177,649273.827706,193
3,161,2,291,600096.094826,651776.915437,868
3,5,1,280,599966.130508,648880.134212,83
3,35,0,296,600632.185614,653157.693777,1251
3,131,2,234,601514.911596,650068.348954,423
3,170,1,283,601625.469723,650151.753035,451
3,159,2,230,601129.055069,653193.950076,1256
3,47,0,283,601625.469723,650151.753035,451
3,159,1,297,600632.185614,653157.693777,1251
3,159,1,296,600632.185614,653157.693777,1251
3,50,0,280,599966.130508,648880.134212,83
3,161,2,292,600096.094826,651776.915437,868
3,103,0,273,600292.794358,650705.705462,600
3,99,1,253,600334.801717,649508.319291,276
3,175,0,268,601071.987545,651091.993044,688
3,212,1,273,600292.794358,650705.705462,600
3,190,2,242,600008.586770,650412.098893,516
3,176,2,257,600520.550439,652169.886369,980
3,170,1,284,601625.469723,650151.753035,451
3,47,0,284,601625.469723,650151.753035,451
3,82,0,253,600334.801717,649508.319291,276
4,161,1,292,599952.166551,651893.730302,893
4,103,1,273,600195.744990,649919.004013,383
4,176,1,257,600377.137792,652283.952418,1005
4,177,0,230,601162.302202,652195.845655,986
4,61,1,270,601457.314435,649817.438046,368
4,200,0,241,600131.509695,651430.759772,787
4,161,1,291,599952.166551,651893.730302,893
4,200,0,242,600131.509695,651430.759772,787
4,140,0,253,600216.834070,649653.335096,302
4,101,1,299,599999.643143,649391.171996,219
4,23,0,291,599952.166551,651893.730302,893
4,171,0,284,601474.697887,650298.746395,476
4,35,2,297,600493.007166,653263.051499,1277
4,131,2,234,601514.911596,650068.348954,423
4,23,2,259,600078.941324,651854.245087,895
4,175,1,268,601159.144747,650051.779337,419
4,23,2,245,599987.832676,651933.067514,921
4,9,2,276,601026.924381,649883.108971,364
4,190,1,241,600131.509695,651430.759772,787
4,43,0,270,601457.314435,649817.438046,368
4,72,0,299,599999.643143,649391.171996,219
4,82,1,253,600216.834070,649653.335096,302
4,47,1,283,601474.697887,650298.746395,476
4,179,0,257,600377.137792,652283.952418,1005
4,194,2,289,600384.426337,650135.919067,439
4,47,1,284,601474.697887,650298.746395,476
4,171,0,283,601474.697887,650298.746395,476
4,23,0,292,599952.166551,651893.730302,893
4,50,1,280,600159.609128,648858.187850,85
4,110,0,273,600195.744990,649919.004013,383
4,190,1,242,600131.509695,651430.759772,787
4,35,2,296,600493.007166,653263.051499,1277
4,159,1,230,601162.302202,652195.845655,986
4,126,0,268,601159.144747,650051.779337,419
4,23,2,246,599987.832676,651933.067514,921
4,71,0,280,600159.609128,648858.187850,85
5,126,2,268,601159.144747,650051.779337,419
5,23,2,292,599952.166551,651893.730302,893
5,200,1,242,601153.166180,651525.617877,824
5,35,1,296,600373.529431,653390.314852,1302
5,171,1,284,601326.463487,650448.298249,529
5,197,0,230,600660.717662,651332.288618,765
5,23,2,245,599987.832676,651933.067514,921
5,58,0,283,601326.463487,650448.298249,529
5,58,0,284,601326.463487,650448.298249,529
5,23,2,291,599952.166551,651893.730302,893
5,125,0,241,601153.166180,651525.617877,824
5,9,2,276,601026.924381,649883.108971,364
5,125,0,242,601153.166180,651525.617877,824
5,23,2,259,600078.941324,651854.245087,895
5,171,1,283,601326.463487,650448.298249,529
5,110,2,273,600195.744990,649919.004013,383
5,194,2,289,600384.426337,650135.919067,439
5,72,2,299,599903.437672,649510.837157,272
5,43,2,270,601457.314435,649817.438046,368
5,177,1,230,600660.717662,651332.288618,765
5,110,0,253,600091.015093,649791.594036,328
5,131,2,234,601514.911596,650068.348954,423
5,71,2,280,600255.040228,649027.918590,140
5,35,1,297,600373.529431,653390.314852,1302
5,140,1,253,600091.015093,649791.594036,328
5,130,0,257,600242.429502,652408.177728,1058
5,23,2,246,599987.832676,651933.067514,921
5,137,0,297,600373.529431,653390.314852,1302
5,179,1,257,600242.429502,652408.177728,1058
5,200,1,241,601153.166180,651525.617877,824
5,137,0,296,600373.529431,653390.314852,1302
6,130,1,257,600141.005250,652560.792839,1084
6,58,2,284,601197.974211,650615.120610,582
6,199,0,292,599970.876550,651709.309596,866
6,177,0,230,600971.571311,652281.334357,1011
6,54,0,257,600141.005250,652560.792839,1084
6,110,2,253,600091.015093,649791.594036,328
6,131,2,234,601514.911596,650068.348954,423
6,125,2,242,601153.166180,651525.617877,824
6,9,2,276,601026.924381,649883.108971,364
6,58,2,283,601197.974211,650615.120610,582
6,117,0,296,600252.471518,653516.076022,1355
6,72,1,299,599799.318152,649623.683818,298
6,194,2,289,600384.426337,650135.919067,439
6,23,2,259,600078.941324,651854.245087,895
6,71,2,280,600255.040228,649027.918590,140
6,137,1,296,600252.471518,653516.076022,1355
6,23,1,291,599970.876550,651709.309596,866
6,137,1,297,600252.471518,653516.076022,1355
6,87,0,299,599799.318152,649623.683818,298
6,114,0,270,600831.599683,650572.761229,551
6,23,1,292,599970.876550,651709.309596,866
6,125,2,241,601153.166180,651525.617877,824
6,199,0,291,599970.876550,651709.309596,866
6,23,2,246,599987.832676,651933.067514,921
6,197,1,230,600971.571311,652281.334357,1011
6,201,0,268,600410.273702,650778.988449,601
6,23,2,245,599987.832676,651933.067514,921
6,117,0,297,600252.471518,653516.076022,1355
6,43,1,270,600831.599683,650572.761229,551
6,110,2,273,600195.744990,649919.004013,383
6,126,1,268,600410.273702,650778.988449,601
7,131,2,234,601514.911596,650068.348954,423
7,147,0,291,600014.747555,651529.208524,813
7,87,2,299,599799.318152,649623.683818,298
7,13,0,283,601056.522961,650771.103744,607
7,23,2,259,600078.941324,651854.245087,895
7,9,2,276,601026.924381,649883.108971,364
7,58,1,283,601056.522961,650771.103744,607
7,125,1,242,600408.470275,652231.456416,1006
7,117,2,297,600252.471518,653516.076022,1355
7,179,0,242,600408.470275,652231.456416,1006
7,201,2,268,600410.273702,650778.988449,601
7,13,0,284,601056.522961,650771.103744,607
7,71,2,280,600255.040228,649027.918590,140
7,199,1,292,600014.747555,651529.208524,813
7,110,2,273,600195.744990,649919.004013,383
7,179,0,241,600408.470275,652231.456416,1006
7,199,1,291,600014.747555,651529.208524,813
7,117,2,296,600252.471518,653516.076022,1355
7,147,0,292,600014.747555,651529.208524,813
7,114,1,270,600129.089020,651257.239740,733
7,58,1,284,601056.522961,650771.103744,607
7,23,2,245,599987.832676,651933.067514,921
7,125,1,241,600408.470275,652231.456416,1006
7,23,2,246,599987.832676,651933.067514,921
7,177,2,230,600971.571311,652281.334357,1011
7,194,2,289,600384.426337,650135.919067,439
7,110,2,253,600091.015093,649791.594036,328
7,80,0,270,600129.089020,651257.239740,733
7,54,2,257,600141.005250,652560.792839,1084
8,179,2,242,600408.470275,652231.456416,1006
8,71,2,280,600255.040228,649027.918590,140
8,23,2,245,599987.832676,651933.067514,921
8,179,2,241,600408.470275,652231.456416,1006
8,23,2,246,599987.832676,651933.067514,921
8,117,1,297,600361.369070,653379.649436,1302
8,194,2,289,600384.426337,650135.919067,439
8,137,0,296,600361.369070,653379.649436,1302
8,105,0,283,600929.818494,650939.285706,660
8,105,0,284,600929.818494,650939.285706,660
8,148,0,230,600273.755739,652995.737070,1193
8,87,1,299,599830.792487,649473.402050,244
8,23,2,259,600078.941324,651854.245087,895
8,147,1,291,600135.900138,651388.912008,760
8,80,2,270,600129.089020,651257.239740,733
8,9,2,276,601026.924381,649883.108971,364
8,147,1,292,600135.900138,651388.912008,760
8,200,0,292,600135.900138,651388.912008,760
8,131,2,234,601514.911596,650068.348954,423
8,117,1,296,600361.369070,653379.649436,1302
8,137,0,297,600361.369070,653379.649436,1302
8,177,1,230,600273.755739,652995.737070,1193
8,144,0,257,600102.536634,652381.632529,1030
8,72,0,299,599830.792487,649473.402050,244
8,110,2,253,600091.015093,649791.594036,328
8,54,1,257,600102.536634,652381.632529,1030
8,13,1,284,600929.818494,650939.285706,660
8,201,2,268,600410.273702,650778.988449,601
8,200,0,291,600135.900138,651388.912008,760
8,13,1,283,600929.818494,650939.285706,660
8,110,2,273,600195.744990,649919.004013,383
9,131,2,234,601514.911596,650068.348954,423
9,105,1,284,600785.223056,651092.358740,686
9,54,0,257,600146.523181,652559.518545,1084
9,179,2,242,600408.470275,652231.456416,1006
9,201,2,268,600410.273702,650778.988449,601
9,187,0,270,600272.334061,650286.923853,464
9,200,2,292,600315.863493,651344.479457,762
9,144,1,257,600146.523181,652559.518545,1084
9,194,2,289,600384.426337,650135.919067,439
9,105,1,283,600785.223056,651092.358740,686
9,71,2,280,600255.040228,649027.918590,140
9,9,2,276,601026.924381,649883.108971,364
9,137,2,296,600361.369070,653379.649436,1302
9,110,2,273,600195.744990,649919.004013,383
9,92,0,283,600785.223056,651092.358740,686
9,110,2,253,600091.015093,649791.594036,328
9,200,2,291,600315.863493,651344.479457,762
9,23,2,259,600078.941324,651854.245087,895
9,92,0,284,600785.223056,651092.358740,686
9,23,2,245,599987.832676,651933.067514,921
9,80,1,270,600272.334061,650286.923853,464
9,179,2,241,600408.470275,652231.456416,1006
9,137,2,297,600361.369070,653379.649436,1302
9,148,2,230,600273.755739,652995.737070,1193
9,23,2,246,599987.832676,651933.067514,921
9,72,2,299,599743.256137,649599.547327,270
10,130,0,257,600281.161412,652435.217307,1059
10,131,2,234,601514.911596,650068.348954,423
10,92,1,283,600639.327129,651244.192770,738
10,179,2,242,600408.470275,652231.456416,1006
10,201,2,268,600410.273702,650778.988449,601
10,110,2,273,600195.744990,649919.004013,383
10,23,2,246,599987.832676,651933.067514,921
10,179,2,241,600408.470275,652231.456416,1006
10,72,2,299,599743.256137,649599.547327,270
10,22,0,292,600328.443771,651159.539474,708
10,54,1,257,600281.161412,652435.217307,1059
10,194,2,289,600384.426337,650135.919067,439
10,200,1,292,600328.443771,651159.539474,708
10,22,0,291,600328.443771,651159.539474,708
10,137,2,297,600361.369070,653379.649436,1302
10,197,0,284,600639.327129,651244.192770,738
10,23,2,259,600078.941324,651854.245087,895
10,137,2,296,600361.369070,653379.649436,1302
10,99,0,270,600228.593521,649307.067319,221
10,92,1,284,600639.327129,651244.192770,738
10,23,2,245,599987.832676,651933.067514,921
10,9,2,276,601026.924381,649883.108971,364
10,71,2,280,600255.040228,649027.918590,140
10,17,0,230,600786.767062,652138.919009,983
10,197,0,283,600639.327129,651244.192770,738
10,200,1,291,600328.443771,651159.539474,708
10,187,1,270,600228.593521,649307.067319,221
10,148,1,230,600786.767062,652138.919009,983
10,110,2,253,600091.015093,649791.594036,328
11,17,1,230,600284.643085,653002.162496,1221
11,23,2,259,600078.941324,651854.245087,895
11,137,2,297,600361.369070,653379.649436,1302
11,194,2,289,600384.426337,650135.919067,439
11,130,1,257,600206.120396,652268.043455,1004
11,71,2,280,600255.040228,649027.918590,140
11,131,2,234,601514.911596,650068.348954,423
11,179,1,241,600329.104150,651208.479851,735
11,110,2,273,600195.744990,649919.004013,383
11,137,2,296,600361.369070,653379.649436,1302
11,23,2,245,599987.832676,651933.067514,921
11,201,2,268,600410.273702,650778.988449,601
11,179,1,242,600329.104150,651208.479851,735
11,22,0,242,600329.104150,651208.479851,735
11,22,1,292,600484.577948,651059.623610,683
11,148,0,230,600284.643085,653002.162496,1221
11,79,0,283,600498.343063,651400.598293,764
11,22,0,241,600329.104150,651208.479851,735
11,110,2,253,600091.015093,649791.594036,328
11,79,0,284,600498.343063,651400.598293,764
11,104,0,292,600484.577948,651059.623610,683
11,197,1,283,600498.343063,651400.598293,764
11,72,2,299,599743.256137,649599.547327,270
11,104,0,291,600484.577948,651059.623610,683
11,11,0,257,600206.120396,652268.043455,1004
11,197,1,284,600498.343063,651400.598293,764
11,99,2,270,600228.593521,649307.067319,221
11,9,2,276,601026.924381,649883.108971,364
11,23,2,246,599987.832676,651933.067514,921
11,22,1,291,600484.577948,651059.623610,683
12,110,2,253,600091.015093,649791.594036,328
12,23,2,259,600078.941324,651854.245087,895
12,148,2,230,600284.643085,653002.162496,1221
12,104,1,291,600520.218761,650877.714860,629
12,137,2,296,600361.369070,653379.649436,1302
12,158,0,242,601144.618700,650585.811357,554
12,110,2,273,600195.744990,649919.004013,383
12,179,0,257,600378.321080,652205.392234,1006
12,23,2,246,599987.832676,651933.067514,921
12,104,1,292,600520.218761,650877.714860,629
12,22,1,241,601144.618700,650585.811357,554
12,71,2,280,600255.040228,649027.918590,140
12,131,2,234,601514.911596,650068.348954,423
12,201,2,268,600410.273702,650778.988449,601
12,11,1,257,600378.321080,652205.392234,1006
12,22,1,242,601144.618700,650585.811357,554
12,79,2,284,600370.890468,651568.214015,816
12,79,2,283,600370.890468,651568.214015,816
12,9,2,276,601026.924381,649883.108971,364
12,158,0,241,601144.618700,650585.811357,554
12,23,2,245,599987.832676,651933.067514,921
12,201,0,291,600520.218761,650877.714860,629
12,137,2,297,600361.369070,653379.649436,1302
12,72,2,299,599864.364593,649505.165203,271
12,201,0,292,600520.218761,650877.714860,629
12,194,2,289,600384.426337,650135.919067,439
12,99,2,270,600228.593521,649307.067319,221
13,23,2,246,599987.832676,651933.067514,921
13,71,2,280,600255.040228,649027.918590,140
13,194,2,289,600384.426337,650135.919067,439
13,201,1,291,600557.309976,651059.333424,683
13,110,2,273,600195.744990,649919.004013,383
13,161,0,283,600219.121091,651714.177197,869
13,137,2,296,600361.369070,653379.649436,1302
13,23,2,259,600078.941324,651854.245087,895
13,158,1,242,601485.167003,649617.923509,315
13,99,2,270,600228.593521,649307.067319,221
13,72,2,299,599913.414920,649359.668437,218
13,179,1,257,600542.786626,652124.587933,980
13,104,0,292,600557.309976,651059.333424,683
13,176,0,257,600542.786626,652124.587933,980
13,131,2,234,601514.911596,650068.348954,423
13,161,0,284,600219.121091,651714.177197,869
13,23,2,245,599987.832676,651933.067514,921
13,9,2,276,600905.984259,650013.616277,417
13,79,1,284,600219.121091,651714.177197,869
13,137,2,297,600361.369070,653379.649436,1302
13,79,1,283,600219.121091,651714.177197,869
13,202,0,253,599954.787610,649919.609747,380
13,110,1,253,599954.787610,649919.609747,380
13,118,0,242,601485.167003,649617.923509,315
13,201,2,268,600410.273702,650778.988449,601
13,201,1,292,600557.309976,651059.333424,683
13,118,0,241,601485.167003,649617.923509,315
13,148,2,230,600284.643085,653002.162496,1221
13,158,1,241,601485.167003,649617.923509,315
13,104,0,291,600557.309976,651059.333424,683
14,161,1,284,600063.012987,651855.490516,894
14,148,2,230,600284.643085,653002.162496,1221
14,131,2,234,601514.911596,650068.348954,423
14,118,2,242,601485.167003,649617.923509,315
14,23,2,245,599987.832676,651933.067514,921
14,137,2,297,600361.369070,653379.649436,1302
14,115,0,292,600624.821241,650886.697130,630
14,23,0,284,600063.012987,651855.490516,894
14,161,1,283,600063.012987,651855.490516,894
14,115,0,291,600624.821241,650886.697130,630
14,104,1,291,600624.821241,650886.697130,630
14,194,2,289,600384.426337,650135.919067,439
14,213,0,253,599821.045903,650050.220257,406
14,176,1,257,600685.346454,652009.457805,955
14,104,1,292,600624.821241,650886.697130,630
14,26,0,257,600685.346454,652009.457805,955
14,201,2,268,600410.273702,650778.988449,601
14,202,1,253,599821.045903,650050.220257,406
14,72,2,299,599905.328867,649512.997688,272
14,98,0,276,600773.502104,650132.389794,442
14,110,2,273,600195.744990,649919.004013,383
14,23,0,283,600063.012987,651855.490516,894
14,23,2,259,600078.941324,651854.245087,895
14,99,2,270,600228.593521,649307.067319,221
14,71,2,280,600255.040228,649027.918590,140
14,9,1,276,600773.502104,650132.389794,442
14,23,2,246,599987.832676,651933.067514,921
14,137,2,296,600361.369070,653379.649436,1302
14,118,2,241,601485.167003,649617.923509,315
15,118,1,242,600690.866696,650267.436447,469
15,110,1,273,600098.606720,649132.313536,166
15,129,0,242,600690.866696,650267.436447,469
15,207,0,270,600939.502686,648631.315721,39
15,131,2,234,601514.911596,650068.348954,423
15,194,2,289,600384.426337,650135.919067,439
15,118,1,241,600690.866696,650267.436447,469
15,26,1,257,600817.693220,651882.719553,902
15,115,2,292,600630.247813,650701.409210,576
15,148,2,230,600284.643085,653002.162496,1221
15,115,2,291,600630.247813,650701.409210,576
15,137,2,296,600361.369070,653379.649436,1302
15,23,2,284,600063.012987,651855.490516,894
15,71,2,280,600255.040228,649027.918590,140
15,201,2,268,600410.273702,650778.988449,601
15,213,2,253,599821.045903,650050.220257,406
15,23,2,246,599987.832676,651933.067514,921
15,129,0,241,600690.866696,650267.436447,469
15,23,2,245,599987.832676,651933.067514,921
15,137,2,297,600361.369070,653379.649436,1302
15,129,0,276,600645.326577,650255.798481,468
15,99,1,270,600939.502686,648631.315721,39
15,98,1,276,600645.326577,650255.798481,468
15,72,2,299,599892.720361,649359.973935,218
15,23,2,283,600063.012987,651855.490516,894
15,45,0,273,600098.606720,649132.313536,166
15,23,2,259,600078.941324,651854.245087,895
15,89,0,257,600817.693220,651882.719553,902
16,115,1,292,600815.016906,650686.528241,578
16,23,2,245,599987.832676,651933.067514,921
16,129,1,241,599963.649069,650991.269685,650
16,72,1,299,599957.709426,649220.863673,191
16,207,2,270,600939.502686,648631.315721,39
16,129,1,242,599963.649069,650991.269685,650
16,123,0,242,599963.649069,650991.269685,650
16,148,2,230,600284.643085,653002.162496,1221
16,23,2,259,600078.941324,651854.245087,895
16,23,1,283,600030.652318,651647.423264,840
16,194,2,289,600384.426337,650135.919067,439
16,180,0,257,600787.689685,651701.948873,848
16,131,2,234,601514.911596,650068.348954,423
16,23,2,246,599987.832676,651933.067514,921
16,137,2,296,600361.369070,653379.649436,1302
16,37,0,291,600815.016906,650686.528241,578
16,199,0,284,600030.652318,651647.423264,840
16,45,2,273,600098.606720,649132.313536,166
16,37,0,292,600815.016906,650686.528241,578
16,213,2,253,599821.045903,650050.220257,406
16,123,0,241,599963.649069,650991.269685,650
16,201,2,268,600410.273702,650778.988449,601
16,50,0,299,599957.709426,649220.863673,191
16,137,2,297,600361.369070,653379.649436,1302
16,89,1,257,600787.689685,651701.948873,848
16,97,0,276,600533.257962,650393.998681,494
16,129,1,276,600533.257962,650393.998681,494
16,199,0,283,600030.652318,651647.423264,840
16,71,2,280,600255.040228,649027.918590,140
16,115,1,291,600815.016906,650686.528241,578
16,23,1,284,600030.652318,651647.423264,840
17,193,0,291,600977.813885,650597.881726,552
17,199,1,284,600236.827208,651604.631805,842
17,194,2,289,600384.426337,650135.919067,439
17,137,2,297,600361.369070,653379.649436,1302
17,161,0,283,600236.827208,651604.631805,842
17,131,2,234,601514.911596,650068.348954,423
17,213,2,253,599821.045903,650050.220257,406
17,71,1,280,600245.761950,648833.420434,86
17,45,0,299,600036.303770,649088.961541,138
17,199,1,283,600236.827208,651604.631805,842
17,23,2,246,599987.832676,651933.067514,921
17,161,0,284,600236.827208,651604.631805,842
17,123,2,241,599963.649069,650991.269685,650
17,180,1,257,600817.565795,651521.157089,821
17,23,2,259,600078.941324,651854.245087,895
17,148,2,230,600284.643085,653002.162496,1221
17,137,2,296,600361.369070,653379.649436,1302
17,207,1,270,600293.621224,649369.468280,222
17,23,2,245,599987.832676,651933.067514,921
17,201,2,268,600410.273702,650778.988449,601
17,37,1,291,600977.813885,650597.881726,552
17,197,0,257,600817.565795,651521.157089,821
17,193,0,292,600977.813885,650597.881726,552
17,123,2,242,599963.649069,650991.269685,650
17,45,2,273,600098.606720,649132.313536,166
17,37,1,292,600977.813885,650597.881726,552
17,99,0,270,600293.621224,649369.468280,222
17,97,2,276,600417.844322,650529.417888,547
17,50,1,299,600036.303770,649088.961541,138
17,66,0,280,600245.761950,648833.420434,86
18,66,1,280,600369.392220,648682.983817,33
18,23,2,259,600078.941324,651854.245087,895
18,197,1,257,600979.922977,651436.195943,796
18,23,2,245,599987.832676,651933.067514,921
18,161,1,284,600444.016039,651642.208162,844
18,213,2,253,599821.045903,650050.220257,406
18,148,2,230,600284.643085,653002.162496,1221
18,45,2,273,600098.606720,649132.313536,166
18,97,2,276,600417.844322,650529.417888,547
18,158,0,291,601128.643571,650490.125209,527
18,158,0,292,601128.643571,650490.125209,527
18,131,2,234,601514.911596,650068.348954,423
18,23,2,246,599987.832676,651933.067514,921
18,79,0,283,600444.016039,651642.208162,844
18,193,1,291,601128.643571,650490.125209,527
18,201,2,268,600410.273702,650778.988449,601
18,221,0,242,600203.682856,649993.690708,383
18,194,2,289,600384.426337,650135.919067,439
18,193,1,292,601128.643571,650490.125209,527
18,161,1,283,600444.016039,651642.208162,844
18,99,2,270,600293.621224,649369.468280,222
18,123,1,241,600203.682856,649993.690708,383
18,79,0,284,600444.016039,651642.208162,844
18,137,1,296,600407.311058,653211.244496,1276
18,45,2,299,599985.077045,648944.216710,111
18,35,0,296,600407.311058,653211.244496,1276
18,137,1,297,600407.311058,653211.244496,1276
18,123,1,242,600203.682856,649993.690708,383
18,32,0,257,600979.922977,651436.195943,796
18,35,0,297,600407.311058,653211.244496,1276
18,219,0,280,600369.392220,648682.983817,33
18,221,0,241,600203.682856,649993.690708,383
19,148,2,230,600284.643085,653002.162496,1221
19,221,1,241,599987.571627,648990.657323,111
19,158,1,292,601133.236234,650304.814745,500
19,79,2,284,600582.694280,651483.754573,792
19,23,2,259,600078.941324,651854.245087,895
19,32,1,257,601152.905796,651375.737733,770
19,97,2,276,600417.844322,650529.417888,547
19,194,2,289,600384.426337,650135.919067,439
19,45,2,273,600098.606720,649132.313536,166
19,219,1,280,600554.549634,648743.252808,62
19,35,2,296,600387.806574,653037.778462,1222
19,23,2,246,599987.832676,651933.067514,921
19,45,0,241,599987.571627,648990.657323,111
19,99,1,270,601269.507738,649271.093619,204
19,126,0,291,601133.236234,650304.814745,500
19,45,1,299,600078.643630,648822.477079,85
19,33,0,280,600554.549634,648743.252808,62
19,136,0,270,601269.507738,649271.093619,204
19,45,0,242,599987.571627,648990.657323,111
19,79,2,283,600582.694280,651483.754573,792
19,131,2,234,601514.911596,650068.348954,423
19,35,2,297,600387.806574,653037.778462,1222
19,126,0,292,601133.236234,650304.814745,500
19,201,2,268,600410.273702,650778.988449,601
19,23,2,245,599987.832676,651933.067514,921
19,71,0,299,600078.643630,648822.477079,85
19,158,1,291,601133.236234,650304.814745,500
19,221,1,242,599987.571627,648990.657323,111
19,213,2,253,599821.045903,650050.220257,406
19,125,0,257,601152.905796,651375.737733,770
20,213,2,253,599821.045903,650050.220257,406
20,148,0,296,600440.794600,652871.456006,1168
20,131,2,234,601514.911596,650068.348954,423
20,23,2,259,600078.941324,651854.245087,895
20,97,2,276,600417.844322,650529.417888,547
20,194,2,289,600384.426337,650135.919067,439
20,23,2,245,599987.832676,651933.067514,921
20,79,1,283,600793.228624,651487.560420,794
20,106,0,291,601313.513827,650261.674850,475
20,71,2,299,600078.643630,648822.477079,85
20,109,0,241,600053.218578,650014.605814,408
20,35,1,297,600440.794600,652871.456006,1168
20,201,2,268,600410.273702,650778.988449,601
20,109,0,242,600053.218578,650014.605814,408
20,45,2,273,600098.606720,649132.313536,166
20,35,1,296,600440.794600,652871.456006,1168
20,45,1,242,600053.218578,650014.605814,408
20,33,2,280,600618.130692,648927.299183,117
20,126,1,292,601313.513827,650261.674850,475
20,197,0,284,600793.228624,651487.560420,794
20,79,1,284,600793.228624,651487.560420,794
20,125,1,257,601294.624885,651491.901199,799
20,126,1,291,601313.513827,650261.674850,475
20,148,2,230,600284.643085,653002.162496,1221
20,197,0,283,600793.228624,651487.560420,794
20,23,2,246,599987.832676,651933.067514,921
20,106,0,292,601313.513827,650261.674850,475
20,136,2,270,601269.507738,649271.093619,204
20,18,0,257,601294.624885,651491.901199,799
20,148,0,297,600440.794600,652871.456006,1168
20,45,1,241,600053.218578,650014.605814,408
21,109,1,242,600751.983053,649263.268178,199
21,23,2,246,599987.832676,651933.067514,921
21,197,1,283,600952.609538,651349.948944,768
21,7,0,242,600751.983053,649263.268178,199
21,213,2,253,599821.045903,650050.220257,406
21,142,0,296,600558.850163,652742.872282,1142
21,194,2,289,600384.426337,650135.919067,439
21,18,1,257,601467.363592,651430.749011,800
21,23,2,259,600078.941324,651854.245087,895
21,142,0,297,600558.850163,652742.872282,1142
21,32,0,284,600952.609538,651349.948944,768
21,23,2,245,599987.832676,651933.067514,921
21,97,2,276,600417.844322,650529.417888,547
21,181,0,257,601467.363592,651430.749011,800
21,131,2,234,601514.911596,650068.348954,423
21,106,2,291,601406.029738,650101.045254,422
21,148,2,230,600284.643085,653002.162496,1221
21,148,1,296,600558.850163,652742.872282,1142
21,32,0,283,600952.609538,651349.948944,768
21,7,0,280,600686.881890,649109.477371,172
21,7,0,241,600751.983053,649263.268178,199
21,109,1,241,600751.983053,649263.268178,199
21,148,1,297,600558.850163,652742.872282,1142
21,45,2,273,600098.606720,649132.313536,166
21,106,2,292,601406.029738,650101.045254,422
21,33,1,280,600686.881890,649109.477371,172
21,71,2,299,600078.643630,648822.477079,85
21,136,1,270,600629.498658,650014.343535,414
21,201,2,268,600410.273702,650778.988449,601
21,91,0,270,600629.498658,650014.343535,414
21,197,1,284,600952.609538,651349.948944,768
22,55,0,257,601555.485445,651270.085418,747
22,90,0,284,600995.056948,651143.702946,715
22,142,2,297,600647.080805,652592.252749,1089
22,148,2,230,600284.643085,653002.162496,1221
22,7,2,242,600751.983053,649263.268178,199
22,201,2,268,600410.273702,650778.988449,601
22,23,2,245,599987.832676,651933.067514,921
22,32,1,284,600995.056948,651143.702946,715
22,106,1,292,601542.460446,649975.555323,396
22,188,0,280,600642.241822,649299.010702,198
22,181,1,257,601555.485445,651270.085418,747
22,23,2,246,599987.832676,651933.067514,921
22,32,1,283,600995.056948,651143.702946,715
22,213,2,253,599821.045903,650050.220257,406
22,131,2,234,601514.911596,650068.348954,423
22,91,1,270,599969.599013,650739.991191,596
22,131,0,291,601542.460446,649975.555323,396
22,7,2,241,600751.983053,649263.268178,199
22,77,0,270,599969.599013,650739.991191,596
22,7,1,280,600642.241822,649299.010702,198
22,106,1,291,601542.460446,649975.555323,396
22,97,2,276,600417.844322,650529.417888,547
22,142,2,296,600647.080805,652592.252749,1089
22,23,2,259,600078.941324,651854.245087,895
22,194,2,289,600384.426337,650135.919067,439
22,131,0,292,601542.460446,649975.555323,396
22,71,2,299,600078.643630,648822.477079,85
22,45,2,273,600098.606720,649132.313536,166
22,90,0,283,600995.056948,651143.702946,715
23,131,2,234,601514.911596,650068.348954,423
23,125,0,284,601130.415548,651305.001562,770
23,214,0,253,599990.268186,650129.654307,435
23,23,2,246,599987.832676,651933.067514,921
23,148,2,230,600284.643085,653002.162496,1221
23,23,2,245,599987.832676,651933.067514,921
23,90,1,284,601130.415548,651305.001562,770
23,131,2,291,601542.460446,649975.555323,396
23,188,2,280,600642.241822,649299.010702,198
23,131,2,292,601542.460446,649975.555323,396
23,55,1,257,601728.861369,651210.763921,749
23,213,1,253,599990.268186,650129.654307,435
23,142,2,297,600540.898460,652730.803099,1142
23,125,0,283,601130.415548,651305.001562,770
23,135,0,257,601728.861369,651210.763921,749
23,109,0,241,600108.646526,650062.579224,409
23,142,2,296,600540.898460,652730.803099,1142
23,90,1,283,601130.415548,651305.001562,770
23,45,2,273,600098.606720,649132.313536,166
23,23,2,259,600078.941324,651854.245087,895
23,7,1,242,600108.646526,650062.579224,409
23,7,1,241,600108.646526,650062.579224,409
23,71,2,299,600078.643630,648822.477079,85
23,97,2,276,600417.844322,650529.417888,547
23,77,2,270,599969.599013,650739.991191,596
23,201,2,268,600410.273702,650778.988449,601
23,109,0,242,600108.646526,650062.579224,409
23,194,2,289,600384.426337,650135.919067,439
24,188,2,280,600642.241822,649299.010702,198
24,31,0,296,600670.262893,652848.002645,1170
24,226,0,253,600167.568406,650188.904467,436
24,142,1,296,600670.262893,652848.002645,1170
24,23,2,245,599987.832676,651933.067514,921
24,131,2,291,601542.460446,649975.555323,396
24,109,2,241,600108.646526,650062.579224,409
24,31,0,297,600670.262893,652848.002645,1170
24,79,0,270,600623.036406,651471.463429,792
24,109,2,242,600108.646526,650062.579224,409
24,71,2,299,600078.643630,648822.477079,85
24,23,2,246,599987.832676,651933.067514,921
24,45,2,273,600098.606720,649132.313536,166
24,131,2,234,601514.911596,650068.348954,423
24,175,0,283,601102.607284,651096.277115,689
24,148,2,230,600284.643085,653002.162496,1221
24,214,1,253,600167.568406,650188.904467,436
24,125,1,284,601102.607284,651096.277115,689
24,175,0,284,601102.607284,651096.277115,689
24,162,0,257,601816.577262,651049.878332,696
24,23,2,259,600078.941324,651854.245087,895
24,135,1,257,601816.577262,651049.878332,696
24,125,1,283,601102.607284,651096.277115,689
24,142,1,297,600670.262893,652848.002645,1170
24,194,2,289,600384.426337,650135.919067,439
24,77,1,270,600623.036406,651471.463429,792
24,201,2,268,600410.273702,650778.988449,601
24,97,2,276,600417.844322,650529.417888,547
24,131,2,292,601542.460446,649975.555323,396
25,31,2,296,600840.337933,652887.313852,1172
25,131,2,292,601542.460446,649975.555323,396
25,45,2,273,600098.606720,649132.313536,166
25,31,2,297,600840.337933,652887.313852,1172
25,109,1,242,601087.702307,650369.547970,500
25,154,0,270,601406.887453,652061.047688,962
25,23,2,245,599987.832676,651933.067514,921
25,175,1,284,601292.410189,651187.458536,718
25,148,2,230,600284.643085,653002.162496,1221
25,158,0,241,601087.702307,650369.547970,500
25,162,1,257,601639.255410,651003.669978,694
25,79,1,270,601406.887453,652061.047688,962
25,59,0,283,601292.410189,651187.458536,718
25,23,2,259,600078.941324,651854.245087,895
25,158,0,242,601087.702307,650369.547970,500
25,59,0,284,601292.410189,651187.458536,718
25,131,2,291,601542.460446,649975.555323,396
25,131,2,234,601514.911596,650068.348954,423
25,71,2,299,600078.643630,648822.477079,85
25,226,2,253,600167.568406,650188.904467,436
25,201,2,268,600410.273702,650778.988449,601
25,194,2,289,600384.426337,650135.919067,439
25,48,0,257,601639.255410,651003.669978,694
25,97,2,276,600417.844322,650529.417888,547
25,175,1,283,601292.410189,651187.458536,718
25,23,2,246,599987.832676,651933.067514,921
25,188,2,280,600642.241822,649299.010702,198
25,109,1,241,601087.702307,650369.547970,500
26,31,1,297,601014.081847,652904.164437,1201
26,18,0,284,601240.010347,651391.403261,771
26,18,0,283,601240.010347,651391.403261,771
26,70,0,242,602094.429551,650171.355414,456
26,65,0,273,600734.365886,649605.735158,307
26,23,2,245,599987.832676,651933.067514,921
26,23,2,246,599987.832676,651933.067514,921
26,23,2,259,600078.941324,651854.245087,895
26,226,2,253,600167.568406,650188.904467,436
26,227,0,296,601014.081847,652904.164437,1201
26,158,1,241,602094.429551,650171.355414,456
26,97,2,276,600417.844322,650529.417888,547
26,201,2,268,600410.273702,650778.988449,601
26,154,2,270,601406.887453,652061.047688,962
26,70,0,241,602094.429551,650171.355414,456
26,71,2,299,600078.643630,648822.477079,85
26,59,1,284,601240.010347,651391.403261,771
26,188,2,280,600642.241822,649299.010702,198
26,48,1,257,601800.152556,651091.364672,696
26,158,1,242,602094.429551,650171.355414,456
26,135,0,257,601800.152556,651091.364672,696
26,131,2,291,601542.460446,649975.555323,396
26,59,1,283,601240.010347,651391.403261,771
26,131,2,292,601542.460446,649975.555323,396
26,227,0,297,601014.081847,652904.164437,1201
26,45,1,273,600734.365886,649605.735158,307
26,131,2,234,601514.911596,650068.348954,423
26,31,1,296,601014.081847,652904.164437,1201
26,148,2,230,600284.643085,653002.162496,1221
26,194,2,289,600384.426337,650135.919067,439
27,201,2,268,600410.273702,650778.988449,601
27,65,1,273,601519.075036,649717.758813,342
27,181,0,284,601444.182169,651442.911140,800
27,70,2,242,602094.429551,650171.355414,456
27,23,2,245,599987.832676,651933.067514,921
27,227,2,297,601014.081847,652904.164437,1201
27,227,2,296,601014.081847,652904.164437,1201
27,135,2,257,601800.152556,651091.364672,696
27,71,2,299,600078.643630,648822.477079,85
27,97,2,276,600417.844322,650529.417888,547
27,131,2,291,601542.460446,649975.555323,396
27,194,2,289,600384.426337,650135.919067,439
27,70,2,241,602094.429551,650171.355414,456
27,23,2,246,599987.832676,651933.067514,921
27,188,2,280,600642.241822,649299.010702,198
27,18,1,283,601444.182169,651442.911140,800
27,154,1,270,600691.248790,651390.306780,766
27,131,2,292,601542.460446,649975.555323,396
27,18,1,284,601444.182169,651442.911140,800
27,148,2,230,600284.643085,653002.162496,1221
27,181,0,283,601444.182169,651442.911140,800
27,118,0,273,601519.075036,649717.758813,342
27,197,0,270,600691.248790,651390.306780,766
27,131,2,234,601514.911596,650068.348954,423
27,226,2,253,600167.568406,650188.904467,436
27,23,2,259,600078.941324,651854.245087,895
28,70,1,241,601344.727141,649470.836799,259
28,118,1,273,601857.565471,650434.516774,534
28,23,2,246,599987.832676,651933.067514,921
28,31,0,297,600894.517836,652776.982138,1146
28,181,2,284,601444.182169,651442.911140,800
28,227,1,296,600894.517836,652776.982138,1146
28,77,0,270,599961.574576,650734.862196,596
28,31,0,296,600894.517836,652776.982138,1146
28,71,2,299,600078.643630,648822.477079,85
28,181,2,283,601444.182169,651442.911140,800
28,227,1,297,600894.517836,652776.982138,1146
28,135,1,257,601665.791344,650966.764049,667
28,194,2,289,600384.426337,650135.919067,439
28,97,2,276,600417.844322,650529.417888,547
28,131,2,292,601542.460446,649975.555323,396
28,226,2,253,600167.568406,650188.904467,436
28,188,2,280,600642.241822,649299.010702,198
28,197,1,270,599961.574576,650734.862196,596
28,23,2,259,600078.941324,651854.245087,895
28,23,2,245,599987.832676,651933.067514,921
28,201,2,268,600410.273702,650778.988449,601
28,70,1,242,601344.727141,649470.836799,259
28,131,2,234,601514.911596,650068.348954,423
28,81,0,242,601344.727141,649470.836799,259
28,48,0,257,601665.791344,650966.764049,667
28,131,2,291,601542.460446,649975.555323,396
28,122,0,273,601857.565471,650434.516774,534
28,148,2,230,600284.643085,653002.162496,1221
28,81,0,241,601344.727141,649470.836799,259
29,181,2,284,601444.182169,651442.911140,800
29,48,1,257,601566.323935,650812.866402,639
29,131,2,292,601542.460446,649975.555323,396
29,122,2,273,601857.565471,650434.516774,534
29,97,2,276,600417.844322,650529.417888,547
29,226,2,253,600167.568406,650188.904467,436
29,71,2,299,600078.643630,648822.477079,85
29,23,2,246,599987.832676,651933.067514,921
29,23,2,259,600078.941324,651854.245087,895
29,33,0,241,600555.000255,648815.770787,89
29,33,0,242,600555.000255,648815.770787,89
29,23,2,245,599987.832676,651933.067514,921
29,194,2,289,600384.426337,650135.919067,439
29,166,0,257,601566.323935,650812.866402,639
29,131,2,234,601514.911596,650068.348954,423
29,77,2,270,599961.574576,650734.862196,596
29,201,2,268,600410.273702,650778.988449,601
29,81,1,242,600555.000255,648815.770787,89
29,148,2,230,600284.643085,653002.162496,1221
29,181,2,283,601444.182169,651442.911140,800
29,31,2,297,600780.361166,652644.924784,1118
29,81,1,241,600555.000255,648815.770787,89
29,31,2,296,600780.361166,652644.924784,1118
29,131,2,291,601542.460446,649975.555323,396
29,188,2,280,600642.241822,649299.010702,198
30,31,1,296,600687.805382,652496.923714,1063
30,226,2,253,600167.568406,650188.904467,436
30,77,2,270,599961.574576,650734.862196,596
30,122,1,273,601251.129995,649924.072102,393
30,31,1,297,600687.805382,652496.923714,1063
30,181,2,284,601444.182169,651442.911140,800
30,33,2,242,600555.000255,648815.770787,89
30,181,2,283,601444.182169,651442.911140,800
30,23,2,245,599987.832676,651933.067514,921
30,97,2,276,600417.844322,650529.417888,547
30,131,2,292,601542.460446,649975.555323,396
30,188,2,280,600642.241822,649299.010702,198
30,23,2,246,599987.832676,651933.067514,921
30,201,2,268,600410.273702,650778.988449,601
30,33,2,241,600555.000255,648815.770787,89
30,198,0,273,601251.129995,649924.072102,393
30,166,2,257,601428.150315,650692.507349,584
30,216,0,297,600687.805382,652496.923714,1063
30,194,2,289,600384.426337,650135.919067,439
30,216,0,296,600687.805382,652496.923714,1063
30,71,2,299,600078.643630,648822.477079,85
30,148,2,230,600284.643085,653002.162496,1221
30,23,2,259,600078.941324,651854.245087,895
30,131,2,291,601542.460446,649975.555323,396
30,131,2,234,601514.911596,650068.348954,423
31,166,2,257,601428.150315,650692.507349,584
31,188,2,280,600642.241822,649299.010702,198
31,198,1,273,600672.480634,649382.331698,225
31,131,1,291,601724.508933,649940.635280,398
31,23,2,246,599987.832676,651933.067514,921
31,23,2,245,599987.832676,651933.067514,921
31,194,2,289,600384.426337,650135.919067,439
31,71,2,299,600078.643630,648822.477079,85
31,209,0,242,601559.302871,649025.904768,153
31,33,1,241,601559.302871,649025.904768,153
31,148,2,230,600284.643085,653002.162496,1221
31,226,2,253,600167.568406,650188.904467,436
31,181,2,284,601444.182169,651442.911140,800
31,209,0,241,601559.302871,649025.904768,153
31,216,2,296,600558.143826,652380.052969,1034
31,131,2,234,601514.911596,650068.348954,423
31,181,2,283,601444.182169,651442.911140,800
31,188,0,273,600672.480634,649382.331698,225
31,170,0,292,601724.508933,649940.635280,398
31,33,1,242,601559.302871,649025.904768,153
31,170,0,291,601724.508933,649940.635280,398
31,23,2,259,600078.941324,651854.245087,895
31,97,2,276,600417.844322,650529.417888,547
31,201,2,268,600410.273702,650778.988449,601
31,216,2,297,600558.143826,652380.052969,1034
31,77,2,270,599961.574576,650734.862196,596
31,131,1,292,601724.508933,649940.635280,398
32,166,2,257,601428.150315,650692.507349,584
32,194,2,289,600384.426337,650135.919067,439
32,179,0,296,600415.729038,652279.112797,1006
32,97,2,276,600417.844322,650529.417888,547
32,188,2,280,600642.241822,649299.010702,198
32,193,0,270,600936.425823,650626.709032,579
32,71,2,299,600078.643630,648822.477079,85
32,71,0,273,600107.323939,648826.529880,85
32,216,1,297,600415.729038,652279.112797,1006
32,47,0,291,601630.189365,650100.212471,424
32,226,2,253,600167.568406,650188.904467,436
32,77,1,270,600936.425823,650626.709032,579
32,209,2,241,601559.302871,649025.904768,153
32,170,1,292,601630.189365,650100.212471,424
32,47,0,292,601630.189365,650100.212471,424
32,216,1,296,600415.729038,652279.112797,1006
32,131,2,234,601514.911596,650068.348954,423
32,188,1,273,600107.323939,648826.529880,85
32,179,0,297,600415.729038,652279.112797,1006
32,170,1,291,601630.189365,650100.212471,424
32,23,2,259,600078.941324,651854.245087,895
32,23,2,246,599987.832676,651933.067514,921
32,23,2,245,599987.832676,651933.067514,921
32,209,2,242,601559.302871,649025.904768,153
32,201,2,268,600410.273702,650778.988449,601
32,181,2,283,601444.182169,651442.911140,800
32,148,2,230,600284.643085,653002.162496,1221
32,181,2,284,601444.182169,651442.911140,800
33,166,2,257,601428.150315,650692.507349,584
33,25,0,296,600304.961587,652144.200003,978
33,181,2,284,601444.182169,651442.911140,800
33,97,2,276,600417.844322,650529.417888,547
33,23,2,246,599987.832676,651933.067514,921
33,226,1,253,599985.686732,650232.090184,462
33,201,2,268,600410.273702,650778.988449,601
33,47,1,292,601815.435938,650093.521566,426
33,181,2,283,601444.182169,651442.911140,800
33,194,2,289,600384.426337,650135.919067,439
33,179,1,297,600304.961587,652144.200003,978
33,66,0,299,600231.532922,648808.331132,86
33,71,1,299,600231.532922,648808.331132,86
33,47,1,291,601815.435938,650093.521566,426
33,2,0,291,601815.435938,650093.521566,426
33,2,0,292,601815.435938,650093.521566,426
33,225,0,253,599985.686732,650232.090184,462
33,209,2,241,601559.302871,649025.904768,153
33,179,1,296,600304.961587,652144.200003,978
33,188,2,280,600642.241822,649299.010702,198
33,80,0,270,600182.323101,651253.894129,734
33,25,0,297,600304.961587,652144.200003,978
33,71,2,273,600107.323939,648826.529880,85
33,148,2,230,600284.643085,653002.162496,1221
33,131,2,234,601514.911596,650068.348954,423
33,209,2,242,601559.302871,649025.904768,153
33,23,2,259,600078.941324,651854.245087,895
33,193,1,270,600182.323101,651253.894129,734
33,23,2,245,599987.832676,651933.067514,921
34,170,0,241,601671.593975,650045.792380,424
34,148,2,230,600284.643085,653002.162496,1221
34,209,1,242,601671.593975,650045.792380,424
34,97,2,276,600417.844322,650529.417888,547
34,23,2,246,599987.832676,651933.067514,921
34,23,2,259,600078.941324,651854.245087,895
34,194,2,289,600384.426337,650135.919067,439
34,95,0,268,601425.552067,651021.580236,692
34,181,2,283,601444.182169,651442.911140,800
34,188,1,280,600832.621147,649339.892629,227
34,201,1,268,601425.552067,651021.580236,692
34,131,2,234,601514.911596,650068.348954,423
34,166,2,257,601428.150315,650692.507349,584
34,71,1,273,599940.010452,649601.335628,272
34,181,2,284,601444.182169,651442.911140,800
34,65,0,280,600832.621147,649339.892629,227
34,2,1,291,601976.982752,650184.426394,454
34,170,0,242,601671.593975,650045.792380,424
34,80,2,270,600182.323101,651253.894129,734
34,66,2,299,600253.635821,648960.274231,113
34,25,1,297,600169.945876,652033.558024,949
34,25,1,296,600169.945876,652033.558024,949
34,225,1,253,600171.327708,650254.076033,463
34,143,0,297,600169.945876,652033.558024,949
34,209,1,241,601671.593975,650045.792380,424
34,69,0,291,601976.982752,650184.426394,454
34,143,0,296,600169.945876,652033.558024,949
34,69,0,292,601976.982752,650184.426394,454
34,23,2,245,599987.832676,651933.067514,921
34,87,0,273,599940.010452,649601.335628,272
34,2,1,292,601976.982752,650184.426394,454
34,187,0,253,600171.327708,650254.076033,463
35,187,1,253,600334.105244,650345.996778,492
35,131,2,234,601514.911596,650068.348954,423
35,23,0,297,600030.651665,651928.353400,921
35,23,2,245,599987.832676,651933.067514,921
35,65,0,273,600722.831242,649476.799049,253
35,95,2,268,601425.552067,651021.580236,692
35,170,2,242,601671.593975,650045.792380,424
35,143,1,296,600030.651665,651928.353400,921
35,97,2,276,600417.844322,650529.417888,547
35,23,0,296,600030.651665,651928.353400,921
35,181,2,284,601444.182169,651442.911140,800
35,143,1,297,600030.651665,651928.353400,921
35,69,2,291,601976.982752,650184.426394,454
35,170,2,241,601671.593975,650045.792380,424
35,87,1,273,600722.831242,649476.799049,253
35,181,2,283,601444.182169,651442.911140,800
35,65,2,280,601027.124090,649330.715251,229
35,194,2,289,600384.426337,650135.919067,439
35,23,2,246,599987.832676,651933.067514,921
35,148,2,230,600284.643085,653002.162496,1221
35,71,0,299,600236.876706,649112.899181,167
35,80,2,270,600182.323101,651253.894129,734
35,66,1,299,600236.876706,649112.899181,167
35,69,2,292,601976.982752,650184.426394,454
35,166,2,257,601428.150315,650692.507349,584
35,23,2,259,600078.941324,651854.245087,895
35,97,0,253,600334.105244,650345.996778,492
36,69,2,291,601976.982752,650184.426394,454
36,65,2,280,601027.124090,649330.715251,229
36,80,1,270,600748.977566,652054.478153,955
36,97,2,276,600417.844322,650529.417888,547
36,194,2,289,600384.426337,650135.919067,439
36,99,0,299,600237.437566,649266.440475,194
36,65,2,273,600722.831242,649476.799049,253
36,181,2,283,601444.182169,651442.911140,800
36,23,2,259,600078.941324,651854.245087,895
36,166,2,257,601428.150315,650692.507349,584
36,181,2,284,601444.182169,651442.911140,800
36,148,2,230,600284.643085,653002.162496,1221
36,26,0,270,600748.977566,652054.478153,955
36,69,2,292,601976.982752,650184.426394,454
36,65,0,241,600901.184356,649368.113214,228
36,170,1,241,600901.184356,649368.113214,228
36,23,2,296,600030.651665,651928.353400,921
36,71,1,299,600237.437566,649266.440475,194
36,131,2,234,601514.911596,650068.348954,423
36,95,2,268,601425.552067,651021.580236,692
36,23,2,246,599987.832676,651933.067514,921
36,65,0,242,600901.184356,649368.113214,228
36,170,1,242,600901.184356,649368.113214,228
36,23,2,297,600030.651665,651928.353400,921
36,97,2,253,600518.996612,650373.585383,494
36,23,2,245,599987.832676,651933.067514,921
37,65,1,242,600082.556227,648749.543880,58
37,166,2,257,601428.150315,650692.507349,584
37,97,2,253,600412.429892,650527.174066,547
37,95,2,268,601425.552067,651021.580236,692
37,131,2,234,601514.911596,650068.348954,423
37,23,2,297,600030.651665,651928.353400,921
37,99,2,299,600390.705258,649275.619690,196
37,148,2,230,600284.643085,653002.162496,1221
37,181,2,283,601444.182169,651442.911140,800
37,69,2,292,601976.982752,650184.426394,454
37,26,2,270,600748.977566,652054.478153,955
37,194,2,289,600384.426337,650135.919067,439
37,69,2,291,601976.982752,650184.426394,454
37,65,1,241,600082.556227,648749.543880,58
37,71,0,241,600082.556227,648749.543880,58
37,181,2,284,601444.182169,651442.911140,800
37,65,2,273,600722.831242,649476.799049,253
37,97,2,276,600417.844322,650529.417888,547
37,23,2,246,599987.832676,651933.067514,921
37,23,2,296,600030.651665,651928.353400,921
37,23,2,259,600078.941324,651854.245087,895
37,71,0,242,600082.556227,648749.543880,58
37,65,2,280,601027.124090,649330.715251,229
37,23,2,245,599987.832676,651933.067514,921
38,194,2,289,600384.426337,650135.919067,439
38,103,0,253,600225.931191,650539.987491,545
38,71,2,242,600082.556227,648749.543880,58
38,131,2,234,601514.911596,650068.348954,423
38,23,2,245,599987.832676,651933.067514,921
38,166,2,257,601428.150315,650692.507349,584
38,97,2,276,600417.844322,650529.417888,547
38,181,2,283,601444.182169,651442.911140,800
38,23,2,246,599987.832676,651933.067514,921
38,23,2,259,600078.941324,651854.245087,895
38,65,2,280,601027.124090,649330.715251,229
38,181,2,284,601444.182169,651442.911140,800
38,71,2,241,600082.556227,648749.543880,58
38,148,2,230,600284.643085,653002.162496,1221
38,99,1,299,600542.002939,649301.777959,197
38,65,2,273,600722.831242,649476.799049,253
38,188,0,299,600542.002939,649301.777959,197
38,200,0,270,600036.768038,651380.097214,759
38,23,2,296,600030.651665,651928.353400,921
38,23,2,297,600030.651665,651928.353400,921
38,97,1,253,600225.931191,650539.987491,545
38,95,2,268,601425.552067,651021.580236,692
38,69,2,291,601976.982752,650184.426394,454
38,69,2,292,601976.982752,650184.426394,454
38,26,1,270,600036.768038,651380.097214,759
39,23,2,296,600030.651665,651928.353400,921
39,131,2,234,601514.911596,650068.348954,423
39,69,2,291,601976.982752,650184.426394,454
39,181,2,283,601444.182169,651442.911140,800
39,65,2,273,600722.831242,649476.799049,253
39,71,2,242,600082.556227,648749.543880,58
39,23,2,245,599987.832676,651933.067514,921
39,69,2,292,601976.982752,650184.426394,454
39,65,2,280,601027.124090,649330.715251,229
39,95,2,268,601425.552067,651021.580236,692
39,166,2,257,601428.150315,650692.507349,584
39,194,2,289,600384.426337,650135.919067,439
39,141,0,230,601126.877516,653538.780584,1364
39,23,2,297,600030.651665,651928.353400,921
39,23,2,246,599987.832676,651933.067514,921
39,23,2,259,600078.941324,651854.245087,895
39,188,2,299,600695.288156,649310.659722,226
39,103,2,253,600225.931191,650539.987491,545
39,148,1,230,601126.877516,653538.780584,1364
39,97,2,276,600417.844322,650529.417888,547
39,71,2,241,600082.556227,648749.543880,58
39,181,2,284,601444.182169,651442.911140,800
39,200,2,270,600036.768038,651380.097214,759
40,23,2,246,599987.832676,651933.067514,921
40,181,1,283,601584.910863,651599.546477,829
40,30,0,284,601584.910863,651599.546477,829
40,71,2,241,600082.556227,648749.543880,58
40,188,1,299,600818.117160,649402.791580,254
40,166,2,257,601428.150315,650692.507349,584
40,83,0,270,601014.735105,651455.013695,796
40,65,0,299,600818.117160,649402.791580,254
40,69,2,292,601976.982752,650184.426394,454
40,23,2,245,599987.832676,651933.067514,921
40,103,2,253,600225.931191,650539.987491,545
40,95,2,268,601425.552067,651021.580236,692
40,23,2,296,600030.651665,651928.353400,921
40,65,2,280,601027.124090,649330.715251,229
40,181,1,284,601584.910863,651599.546477,829
40,23,2,259,600078.941324,651854.245087,895
40,23,2,297,600030.651665,651928.353400,921
40,71,2,242,600082.556227,648749.543880,58
40,97,2,276,600417.844322,650529.417888,547
40,131,2,234,601514.911596,650068.348954,423
40,194,2,289,600384.426337,650135.919067,439
40,30,0,283,601584.910863,651599.546477,829
40,200,1,270,601014.735105,651455.013695,796
40,141,2,230,601126.877516,653538.780584,1364
40,65,2,273,600722.831242,649476.799049,253
40,69,2,291,601976.982752,650184.426394,454
41,65,2,299,600968.211618,649370.435793,228
41,84,0,283,601438.125247,651750.520571,881
41,23,2,246,599987.832676,651933.067514,921
41,103,2,253,600225.931191,650539.987491,545
41,71,2,241,600082.556227,648749.543880,58
41,65,2,280,601027.124090,649330.715251,229
41,65,2,273,600722.831242,649476.799049,253
41,30,1,283,601438.125247,651750.520571,881
41,194,2,289,600384.426337,650135.919067,439
41,69,2,291,601976.982752,650184.426394,454
41,95,2,268,601425.552067,651021.580236,692
41,24,0,230,600448.807269,652805.610380,1168
41,23,2,297,600030.651665,651928.353400,921
41,23,2,259,600078.941324,651854.245087,895
41,69,2,292,601976.982752,650184.426394,454
41,58,0,257,601317.044336,650546.789429,556
41,83,2,270,601014.735105,651455.013695,796
41,23,2,245,599987.832676,651933.067514,921
41,97,2,276,600417.844322,650529.417888,547
41,71,2,242,600082.556227,648749.543880,58
41,141,1,230,600448.807269,652805.610380,1168
41,166,1,257,601317.044336,650546.789429,556
41,23,2,296,600030.651665,651928.353400,921
41,84,0,284,601438.125247,651750.520571,881
41,30,1,284,601438.125247,651750.520571,881
41,131,2,234,601514.911596,650068.348954,423
42,69,1,292,601792.928351,650162.402805,453
42,23,2,245,599987.832676,651933.067514,921
42,131,2,234,601514.911596,650068.348954,423
42,71,2,241,600082.556227,648749.543880,58
42,69,1,291,601792.928351,650162.402805,453
42,71,2,242,600082.556227,648749.543880,58
42,84,2,283,601438.125247,651750.520571,881
42,24,2,230,600448.807269,652805.610380,1168
42,97,2,276,600417.844322,650529.417888,547
42,23,2,297,600030.651665,651928.353400,921
42,23,2,296,600030.651665,651928.353400,921
42,23,2,259,600078.941324,651854.245087,895
42,23,2,246,599987.832676,651933.067514,921
42,169,0,292,601792.928351,650162.402805,453
42,65,2,273,600722.831242,649476.799049,253
42,194,2,289,600384.426337,650135.919067,439
42,201,0,270,600466.544422,650641.675489,574
42,65,2,299,601090.901323,649462.753070,257
42,65,2,280,601027.124090,649330.715251,229
42,169,0,291,601792.928351,650162.402805,453
42,83,1,270,600466.544422,650641.675489,574
42,84,2,284,601438.125247,651750.520571,881
42,103,2,253,600225.931191,650539.987491,545
42,95,2,268,601425.552067,651021.580236,692
42,58,2,257,601189.530003,650415.190242,528
43,103,2,253,600225.931191,650539.987491,545
43,157,0,283,601290.431723,651600.434538,826
43,65,2,273,600722.831242,649476.799049,253
43,65,2,299,601046.446003,649609.718944,310
43,131,2,234,601514.911596,650068.348954,423
43,169,1,292,601976.283776,650135.165896,454
43,84,1,284,601290.431723,651600.434538,826
43,71,1,242,601082.441843,648979.780257,122
43,97,2,276,600417.844322,650529.417888,547
43,69,0,292,601976.283776,650135.165896,454
43,93,0,241,601082.441843,648979.780257,122
43,84,1,283,601290.431723,651600.434538,826
43,169,1,291,601976.283776,650135.165896,454
43,126,0,257,601079.886094,650268.369044,473
43,201,1,270,599761.927820,649959.365071,378
43,157,0,284,601290.431723,651600.434538,826
43,23,2,297,600030.651665,651928.353400,921
43,71,1,241,601082.441843,648979.780257,122
43,23,2,259,600078.941324,651854.245087,895
43,58,1,257,601079.886094,650268.369044,473
43,95,2,268,601425.552067,651021.580236,692
43,65,2,280,601027.124090,649330.715251,229
43,23,2,296,600030.651665,651928.353400,921
43,93,0,242,601082.441843,648979.780257,122
43,23,2,246,599987.832676,651933.067514,921
43,23,2,245,599987.832676,651933.067514,921
43,24,2,230,600448.807269,652805.610380,1168
43,69,0,291,601976.283776,650135.165896,454
43,194,2,289,600384.426337,650135.919067,439
43,202,0,270,599761.927820,649959.365071,378
44,93,1,241,600996.491407,650002.224659,418
44,8,0,257,600932.470518,650159.525584,444
44,131,2,234,601514.911596,650068.348954,423
44,69,2,291,601976.283776,650135.165896,454
44,23,2,259,600078.941324,651854.245087,895
44,157,1,283,601161.554204,651433.911928,797
44,97,2,276,600417.844322,650529.417888,547
44,126,1,257,600932.470518,650159.525584,444
44,23,2,297,600030.651665,651928.353400,921
44,93,1,242,600996.491407,650002.224659,418
44,65,2,280,601027.124090,649330.715251,229
44,125,0,284,601161.554204,651433.911928,797
44,23,2,245,599987.832676,651933.067514,921
44,95,2,268,601425.552067,651021.580236,692
44,9,0,242,600996.491407,650002.224659,418
44,157,1,284,601161.554204,651433.911928,797
44,23,2,246,599987.832676,651933.067514,921
44,65,1,273,601483.560200,649699.530283,315
44,69,2,292,601976.283776,650135.165896,454
44,64,0,299,601009.989958,649758.870545,337
44,23,2,296,600030.651665,651928.353400,921
44,65,1,299,601009.989958,649758.870545,337
44,194,2,289,600384.426337,650135.919067,439
44,125,0,283,601161.554204,651433.911928,797
44,103,2,253,600225.931191,650539.987491,545
44,118,0,273,601483.560200,649699.530283,315
44,24,2,230,600448.807269,652805.610380,1168
44,202,2,270,599761.927820,649959.365071,378
44,9,0,241,600996.491407,650002.224659,418
45,69,2,291,601976.283776,650135.165896,454
45,98,0,257,600785.796339,650049.685081,416
45,95,2,268,601425.552067,651021.580236,692
45,95,0,242,601447.052839,650924.056764,665
45,90,0,284,601035.620542,651265.152019,742
45,64,2,299,600872.712269,649690.094972,308
45,23,2,259,600078.941324,651854.245087,895
45,103,2,253,600225.931191,650539.987491,545
45,125,1,284,601035.620542,651265.152019,742
45,97,2,276,600417.844322,650529.417888,547
45,202,2,270,599761.927820,649959.365071,378
45,9,1,242,601447.052839,650924.056764,665
45,9,1,241,601447.052839,650924.056764,665
45,23,2,297,600030.651665,651928.353400,921
45,23,2,296,600030.651665,651928.353400,921
45,69,2,292,601976.283776,650135.165896,454
45,95,0,241,601447.052839,650924.056764,665
45,23,2,246,599987.832676,651933.067514,921
45,125,1,283,601035.620542,651265.152019,742
45,194,2,289,600384.426337,650135.919067,439
45,160,0,273,601820.273318,650417.124894,534
45,118,1,273,601820.273318,650417.124894,534
45,24,2,230,600448.807269,652805.610380,1168
45,90,0,283,601035.620542,651265.152019,742
45,23,2,245,599987.832676,651933.067514,921
45,136,0,280,601187.966557,649440.466425,258
45,65,1,280,601187.966557,649440.466425,258
45,8,1,257,600785.796339,650049.685081,416
45,131,2,234,601514.911596,650068.348954,423
46,139,0,241,601294.235493,651938.663532,934
46,90,1,283,600878.482666,651124.984682,714
46,95,1,242,601294.235493,651938.663532,934
46,194,2,289,600384.426337,650135.919067,439
46,97,2,276,600417.844322,650529.417888,547
46,23,2,296,600030.651665,651928.353400,921
46,69,2,291,601976.283776,650135.165896,454
46,69,2,292,601976.283776,650135.165896,454
46,160,2,273,601820.273318,650417.124894,534
46,131,2,234,601514.911596,650068.348954,423
46,23,2,259,600078.941324,651854.245087,895
46,95,1,241,601294.235493,651938.663532,934
46,202,2,270,599761.927820,649959.365071,378
46,32,0,284,600878.482666,651124.984682,714
46,91,0,257,600664.600856,649912.244527,387
46,139,0,242,601294.235493,651938.663532,934
46,64,2,299,600872.712269,649690.094972,308
46,23,2,245,599987.832676,651933.067514,921
46,24,2,230,600448.807269,652805.610380,1168
46,23,2,246,599987.832676,651933.067514,921
46,95,2,268,601425.552067,651021.580236,692
46,136,1,280,601374.577343,649496.072482,259
46,32,0,283,600878.482666,651124.984682,714
46,103,1,253,600407.988068,650582.428545,547
46,81,0,280,601374.577343,649496.072482,259
46,98,1,257,600664.600856,649912.244527,387
46,97,0,253,600407.988068,650582.428545,547
46,90,1,284,600878.482666,651124.984682,714
46,23,2,297,600030.651665,651928.353400,921
47,160,1,273,601190.319066,649936.006001,393
47,201,0,253,600502.664411,650743.618927,602
47,69,2,291,601976.283776,650135.165896,454
47,136,0,280,601194.298581,649422.484527,258
47,32,1,283,600740.099631,650966.273215,658
47,97,1,253,600502.664411,650743.618927,602
47,194,2,289,600384.426337,650135.919067,439
47,69,2,292,601976.283776,650135.165896,454
47,32,1,284,600740.099631,650966.273215,658
47,23,2,297,600030.651665,651928.353400,921
47,198,0,273,601190.319066,649936.006001,393
47,92,0,283,600740.099631,650966.273215,658
47,139,2,241,601294.235493,651938.663532,934
47,24,2,230,600448.807269,652805.610380,1168
47,23,2,245,599987.832676,651933.067514,921
47,23,2,296,600030.651665,651928.353400,921
47,23,2,259,600078.941324,651854.245087,895
47,23,2,246,599987.832676,651933.067514,921
47,91,2,257,600537.187988,649780.547101,332
47,92,0,284,600740.099631,650966.273215,658
47,139,2,242,601294.235493,651938.663532,934
47,202,2,270,599761.927820,649959.365071,378
47,81,1,280,601194.298581,649422.484527,258
47,64,2,299,600872.712269,649690.094972,308
47,131,2,234,601514.911596,650068.348954,423
47,97,2,276,600417.844322,650529.417888,547
47,95,2,268,601425.552067,651021.580236,692
48,64,2,299,600872.712269,649690.094972,308
48,194,2,289,600384.426337,650135.919067,439
48,91,1,257,600408.423071,649650.171309,304
48,139,1,241,600531.701836,651252.134250,737
48,115,0,283,600614.140015,650797.532676,603
48,198,1,273,600623.111447,649382.297353,225
48,69,2,292,601976.283776,650135.165896,454
48,131,2,234,601514.911596,650068.348954,423
48,136,2,280,601194.298581,649422.484527,258
48,23,2,296,600030.651665,651928.353400,921
48,143,0,246,600005.730261,652093.230840,948
48,202,2,270,599761.927820,649959.365071,378
48,92,1,284,600614.140015,650797.532676,603
48,79,0,242,600531.701836,651252.134250,737
48,69,2,291,601976.283776,650135.165896,454
48,188,0,273,600623.111447,649382.297353,225
48,23,1,245,600005.730261,652093.230840,948
48,143,0,245,600005.730261,652093.230840,948
48,23,1,246,600005.730261,652093.230840,948
48,115,0,284,600614.140015,650797.532676,603
48,23,2,259,600078.941324,651854.245087,895
48,92,1,283,600614.140015,650797.532676,603
48,201,2,253,600502.664411,650743.618927,602
48,97,2,276,600417.844322,650529.417888,547
48,24,2,230,600448.807269,652805.610380,1168
48,139,1,242,600531.701836,651252.134250,737
48,23,2,297,600030.651665,651928.353400,921
48,95,2,268,601425.552067,651021.580236,692
48,79,0,241,600531.701836,651252.134250,737
48,82,0,257,600408.423071,649650.171309,304
49,79,1,241,599813.800495,650519.060107,541
49,201,0,284,600463.509336,650650.394670,574
49,143,2,246,600005.730261,652093.230840,948
49,194,2,289,600384.426337,650135.919067,439
49,24,2,230,600448.807269,652805.610380,1168
49,64,2,299,600872.712269,649690.094972,308
49,143,2,245,600005.730261,652093.230840,948
49,129,0,270,600709.804956,650211.478136,469
49,188,1,273,600005.273553,648885.714946,84
49,202,1,270,600709.804956,650211.478136,469
49,79,1,242,599813.800495,650519.060107,541
49,201,2,253,600502.664411,650743.618927,602
49,95,2,268,601425.552067,651021.580236,692
49,97,2,276,600284.704999,650411.381494,519
49,23,2,296,600030.651665,651928.353400,921
49,131,2,234,601514.911596,650068.348954,423
49,190,0,242,599813.800495,650519.060107,541
49,69,2,291,601976.283776,650135.165896,454
49,45,0,273,600005.273553,648885.714946,84
49,82,2,257,600276.674052,649522.811790,275
49,69,2,292,601976.283776,650135.165896,454
49,23,2,259,600078.941324,651854.245087,895
49,23,2,297,600030.651665,651928.353400,921
49,115,1,284,600463.509336,650650.394670,574
49,136,2,280,601194.298581,649422.484527,258
49,115,1,283,600463.509336,650650.394670,574
49,201,0,283,600463.509336,650650.394670,574
49,190,0,241,599813.800495,650519.060107,541
