t,AntennaId,EventCode,PhoneId,x,y,TileId,time
0,227,0,296,600995.281445,652785.571876,1147,1588344123.0
0,227,0,297,600995.281445,652785.571876,1147,1588344123.0
0,194,0,289,600384.426337,650135.919067,439,1588344123.0
0,180,0,257,600901.5542819999,651774.870814,876,1588344123.0
0,161,0,259,600203.0787020001,651730.08,869,1588344123.0
0,159,0,230,601129.055069,653193.9500760001,1256,1588344123.0
0,156,0,283,602103.592967,649742.183146,348,1588344123.0
0,156,0,284,602103.592967,649742.183146,348,1588344123.0
0,142,0,268,600564.455101,652729.315347,1142,1588344123.0
0,133,0,241,601462.6948470001,648964.107958,125,1588344123.0
0,133,0,242,601462.6948470001,648964.107958,125,1588344123.0
0,131,0,234,601514.911596,650068.348954,423,1588344123.0
0,101,0,273,600216.462154,649458.409534,248,1588344123.0
0,79,0,291,600509.61435,651407.6580279999,791,1588344123.0
0,79,0,292,600509.61435,651407.6580279999,791,1588344123.0
0,77,0,270,600008.765087,650833.277593,624,1588344123.0
0,63,0,299,600431.3578850001,648956.498195,115,1588344123.0
0,39,0,276,601136.553094,649742.96542,338,1588344123.0
0,23,0,245,600110.959703,651829.085065,895,1588344123.0
0,23,0,246,600110.959703,651829.085065,895,1588344123.0
0,10,0,253,600714.924071,649097.22544,145,1588344123.0
0,5,0,280,599917.3147260001,648764.937245,56,1588344123.0
1,227,1,297,600855.708095,652890.405888,1172,1588344183.0
1,227,1,296,600855.708095,652890.405888,1172,1588344183.0
1,212,0,273,599767.764248,650111.852675,432,1588344183.0
1,194,2,289,600384.426337,650135.919067,439,1588344183.0
1,188,0,253,600598.953909,649243.843553,198,1588344183.0
1,180,1,257,600780.251541,651912.216713,929,1588344183.0
1,161,1,259,600078.941324,651854.245087,895,1588344183.0
1,159,2,230,601129.055069,653193.9500760001,1256,1588344183.0
1,156,1,284,601958.740413,649895.0128949999,373,1588344183.0
1,156,1,283,601958.740413,649895.0128949999,373,1588344183.0
1,142,2,268,600564.455101,652729.315347,1142,1588344183.0
1,133,1,242,600736.867391,649689.33519,307,1588344183.0
1,133,1,241,600736.867391,649689.33519,307,1588344183.0
1,131,2,234,601514.911596,650068.348954,423,1588344183.0
1,101,1,273,599767.764248,650111.852675,432,1588344183.0
1,89,0,257,600780.251541,651912.216713,929,1588344183.0
1,79,2,292,600364.633387,651523.163791,816,1588344183.0
1,79,2,291,600364.633387,651523.163791,816,1588344183.0
1,77,2,270,600008.765087,650833.277593,624,1588344183.0
1,66,0,299,600319.176858,649061.334547,141,1588344183.0
1,64,0,242,600736.867391,649689.33519,307,1588344183.0
1,64,0,241,600736.867391,649689.33519,307,1588344183.0
1,63,1,299,600319.176858,649061.334547,141,1588344183.0
1,57,0,284,601958.740413,649895.0128949999,373,1588344183.0
1,57,0,283,601958.740413,649895.0128949999,373,1588344183.0
1,39,1,276,601026.924381,649883.108971,364,1588344183.0
1,31,0,297,600855.708095,652890.405888,1172,1588344183.0
1,31,0,296,600855.708095,652890.405888,1172,1588344183.0
1,23,0,259,600078.941324,651854.245087,895,1588344183.0
1,23,2,246,599987.8326760001,651933.067514,921,1588344183.0
1,23,2,245,599987.8326760001,651933.067514,921,1588344183.0
1,10,1,253,600598.953909,649243.843553,198,1588344183.0
1,9,0,276,601026.924381,649883.108971,364,1588344183.0
1,5,2,280,599771.940531,648894.482459,81,1588344183.0
2,212,2,273,599767.764248,650111.852675,432,1588344243.0
2,194,2,289,600384.426337,650135.919067,439,1588344243.0
2,190,0,242,600008.5867699999,650412.098893,516,1588344243.0
2,190,0,241,600008.5867699999,650412.098893,516,1588344243.0
2,188,1,253,600464.137508,649373.344469,223,1588344243.0
2,176,0,257,600658.07369,652048.784732,954,1588344243.0
2,170,0,284,601786.220382,650015.7441380001,426,1588344243.0
2,170,0,283,601786.220382,650015.7441380001,426,1588344243.0
2,161,0,292,600240.900504,651661.1900010001,842,1588344243.0
2,161,0,291,600240.900504,651661.1900010001,842,1588344243.0
2,161,0,268,600249.086878,651734.235542,869,1588344243.0
2,159,0,297,600752.336562,653031.065819,1225,1588344243.0
2,159,0,296,600752.336562,653031.065819,1225,1588344243.0
2,159,2,230,601129.055069,653193.9500760001,1256,1588344243.0
2,142,1,268,600249.086878,651734.235542,869,1588344243.0
2,131,2,234,601514.911596,650068.348954,423,1588344243.0
2,99,0,299,600200.989607,649159.34994,167,1588344243.0
2,99,0,253,600464.137508,649373.344469,223,1588344243.0
2,89,1,257,600658.07369,652048.784732,954,1588344243.0
2,79,1,292,600240.900504,651661.1900010001,842,1588344243.0
2,79,1,291,600240.900504,651661.1900010001,842,1588344243.0
2,77,1,270,600843.2335229999,651348.733208,767,1588344243.0
2,66,1,299,600200.989607,649159.34994,167,1588344243.0
2,64,1,242,600008.5867699999,650412.098893,516,1588344243.0
2,64,1,241,600008.5867699999,650412.098893,516,1588344243.0
2,57,1,284,601786.220382,650015.7441380001,426,1588344243.0
2,57,1,283,601786.220382,650015.7441380001,426,1588344243.0
2,32,0,270,600843.2335229999,651348.733208,767,1588344243.0
2,31,1,297,600752.336562,653031.065819,1225,1588344243.0
2,31,1,296,600752.336562,653031.065819,1225,1588344243.0
2,23,2,259,600078.941324,651854.245087,895,1588344243.0
2,23,2,246,599987.8326760001,651933.067514,921,1588344243.0
2,23,2,245,599987.8326760001,651933.067514,921,1588344243.0
2,9,2,276,601026.924381,649883.108971,364,1588344243.0
2,5,2,280,599771.940531,648894.482459,81,1588344243.0
3,212,1,273,600292.794358,650705.705462,600,1588344303.0
3,194,2,289,600384.426337,650135.919067,439,1588344303.0
3,190,2,242,600008.5867699999,650412.098893,516,1588344303.0
3,190,2,241,600008.5867699999,650412.098893,516,1588344303.0
3,176,2,257,600520.550439,652169.886369,980,1588344303.0
3,175,0,268,601071.9875449999,651091.993044,688,1588344303.0
3,170,1,284,601625.469723,650151.7530350001,451,1588344303.0
3,170,1,283,601625.469723,650151.7530350001,451,1588344303.0
3,161,2,292,600096.094826,651776.915437,868,1588344303.0
3,161,2,291,600096.094826,651776.915437,868,1588344303.0
3,161,1,268,601071.9875449999,651091.993044,688,1588344303.0
3,159,1,297,600632.1856140001,653157.6937770001,1251,1588344303.0
3,159,1,296,600632.1856140001,653157.6937770001,1251,1588344303.0
3,159,2,230,601129.055069,653193.9500760001,1256,1588344303.0
3,131,2,234,601514.911596,650068.348954,423,1588344303.0
3,103,0,273,600292.794358,650705.705462,600,1588344303.0
3,101,0,299,600098.666177,649273.8277060001,193,1588344303.0
3,99,1,299,600098.666177,649273.8277060001,193,1588344303.0
3,99,1,253,600334.801717,649508.319291,276,1588344303.0
3,82,0,253,600334.801717,649508.319291,276,1588344303.0
3,61,0,270,600657.792821,650385.5905350001,495,1588344303.0
3,50,0,280,599966.130508,648880.134212,83,1588344303.0
3,47,0,284,601625.469723,650151.7530350001,451,1588344303.0
3,47,0,283,601625.469723,650151.7530350001,451,1588344303.0
3,35,0,297,600632.1856140001,653157.6937770001,1251,1588344303.0
3,35,0,296,600632.1856140001,653157.6937770001,1251,1588344303.0
3,32,1,270,600657.792821,650385.5905350001,495,1588344303.0
3,23,2,259,600078.941324,651854.245087,895,1588344303.0
3,23,2,246,599987.8326760001,651933.067514,921,1588344303.0
3,23,2,245,599987.8326760001,651933.067514,921,1588344303.0
3,9,2,276,601026.924381,649883.108971,364,1588344303.0
3,5,1,280,599966.130508,648880.134212,83,1588344303.0
4,200,0,242,600131.509695,651430.759772,787,1588344363.0
4,200,0,241,600131.509695,651430.759772,787,1588344363.0
4,194,2,289,600384.426337,650135.919067,439,1588344363.0
4,190,1,242,600131.509695,651430.759772,787,1588344363.0
4,190,1,241,600131.509695,651430.759772,787,1588344363.0
4,179,0,257,600377.137792,652283.9524180001,1005,1588344363.0
4,177,0,230,601162.302202,652195.8456550001,986,1588344363.0
4,176,1,257,600377.137792,652283.9524180001,1005,1588344363.0
4,175,1,268,601159.1447470001,650051.779337,419,1588344363.0
4,171,0,284,601474.697887,650298.746395,476,1588344363.0
4,171,0,283,601474.697887,650298.746395,476,1588344363.0
4,161,1,292,599952.166551,651893.7303020001,893,1588344363.0
4,161,1,291,599952.166551,651893.7303020001,893,1588344363.0
4,159,1,230,601162.302202,652195.8456550001,986,1588344363.0
4,140,0,253,600216.83407,649653.335096,302,1588344363.0
4,131,2,234,601514.911596,650068.348954,423,1588344363.0
4,126,0,268,601159.1447470001,650051.779337,419,1588344363.0
4,110,0,273,600195.7449899999,649919.004013,383,1588344363.0
4,103,1,273,600195.7449899999,649919.004013,383,1588344363.0
4,101,1,299,599999.6431430001,649391.171996,219,1588344363.0
4,82,1,253,600216.83407,649653.335096,302,1588344363.0
4,72,0,299,599999.6431430001,649391.171996,219,1588344363.0
4,71,0,280,600159.609128,648858.18785,85,1588344363.0
4,61,1,270,601457.3144350001,649817.438046,368,1588344363.0
4,50,1,280,600159.609128,648858.18785,85,1588344363.0
4,47,1,284,601474.697887,650298.746395,476,1588344363.0
4,47,1,283,601474.697887,650298.746395,476,1588344363.0
4,43,0,270,601457.3144350001,649817.438046,368,1588344363.0
4,35,2,297,600493.007166,653263.0514989999,1277,1588344363.0
4,35,2,296,600493.007166,653263.0514989999,1277,1588344363.0
4,23,0,292,599952.166551,651893.7303020001,893,1588344363.0
4,23,0,291,599952.166551,651893.7303020001,893,1588344363.0
4,23,2,259,600078.941324,651854.245087,895,1588344363.0
4,23,2,246,599987.8326760001,651933.067514,921,1588344363.0
4,23,2,245,599987.8326760001,651933.067514,921,1588344363.0
4,9,2,276,601026.924381,649883.108971,364,1588344363.0
5,200,1,242,601153.1661800001,651525.617877,824,1588344423.0
5,200,1,241,601153.1661800001,651525.617877,824,1588344423.0
5,197,0,230,600660.717662,651332.288618,765,1588344423.0
5,194,2,289,600384.426337,650135.919067,439,1588344423.0
5,179,1,257,600242.4295020001,652408.177728,1058,1588344423.0
5,177,1,230,600660.717662,651332.288618,765,1588344423.0
5,171,1,284,601326.463487,650448.298249,529,1588344423.0
5,171,1,283,601326.463487,650448.298249,529,1588344423.0
5,140,1,253,600091.015093,649791.594036,328,1588344423.0
5,137,0,297,600373.529431,653390.3148520001,1302,1588344423.0
5,137,0,296,600373.529431,653390.3148520001,1302,1588344423.0
5,131,2,234,601514.911596,650068.348954,423,1588344423.0
5,130,0,257,600242.4295020001,652408.177728,1058,1588344423.0
5,126,2,268,601159.1447470001,650051.779337,419,1588344423.0
5,125,0,242,601153.1661800001,651525.617877,824,1588344423.0
5,125,0,241,601153.1661800001,651525.617877,824,1588344423.0
5,110,2,273,600195.7449899999,649919.004013,383,1588344423.0
5,110,0,253,600091.015093,649791.594036,328,1588344423.0
5,72,2,299,599903.437672,649510.837157,272,1588344423.0
5,71,2,280,600255.040228,649027.91859,140,1588344423.0
5,58,0,284,601326.463487,650448.298249,529,1588344423.0
5,58,0,283,601326.463487,650448.298249,529,1588344423.0
5,43,2,270,601457.3144350001,649817.438046,368,1588344423.0
5,35,1,297,600373.529431,653390.3148520001,1302,1588344423.0
5,35,1,296,600373.529431,653390.3148520001,1302,1588344423.0
5,23,2,292,599952.166551,651893.7303020001,893,1588344423.0
5,23,2,291,599952.166551,651893.7303020001,893,1588344423.0
5,23,2,259,600078.941324,651854.245087,895,1588344423.0
5,23,2,246,599987.8326760001,651933.067514,921,1588344423.0
5,23,2,245,599987.8326760001,651933.067514,921,1588344423.0
5,9,2,276,601026.924381,649883.108971,364,1588344423.0
6,201,0,268,600410.273702,650778.9884489999,601,1588344483.0
6,199,0,292,599970.87655,651709.309596,866,1588344483.0
6,199,0,291,599970.87655,651709.309596,866,1588344483.0
6,197,1,230,600971.5713109999,652281.334357,1011,1588344483.0
6,194,2,289,600384.426337,650135.919067,439,1588344483.0
6,177,0,230,600971.5713109999,652281.334357,1011,1588344483.0
6,137,1,297,600252.471518,653516.076022,1355,1588344483.0
6,137,1,296,600252.471518,653516.076022,1355,1588344483.0
6,131,2,234,601514.911596,650068.348954,423,1588344483.0
6,130,1,257,600141.00525,652560.792839,1084,1588344483.0
6,126,1,268,600410.273702,650778.9884489999,601,1588344483.0
6,125,2,242,601153.1661800001,651525.617877,824,1588344483.0
6,125,2,241,601153.1661800001,651525.617877,824,1588344483.0
6,117,0,297,600252.471518,653516.076022,1355,1588344483.0
6,117,0,296,600252.471518,653516.076022,1355,1588344483.0
6,114,0,270,600831.599683,650572.761229,551,1588344483.0
6,110,2,273,600195.7449899999,649919.004013,383,1588344483.0
6,110,2,253,600091.015093,649791.594036,328,1588344483.0
6,87,0,299,599799.3181520001,649623.683818,298,1588344483.0
6,72,1,299,599799.3181520001,649623.683818,298,1588344483.0
6,71,2,280,600255.040228,649027.91859,140,1588344483.0
6,58,2,284,601197.974211,650615.12061,582,1588344483.0
6,58,2,283,601197.974211,650615.12061,582,1588344483.0
6,54,0,257,600141.00525,652560.792839,1084,1588344483.0
6,43,1,270,600831.599683,650572.761229,551,1588344483.0
6,23,1,292,599970.87655,651709.309596,866,1588344483.0
6,23,1,291,599970.87655,651709.309596,866,1588344483.0
6,23,2,259,600078.941324,651854.245087,895,1588344483.0
6,23,2,246,599987.8326760001,651933.067514,921,1588344483.0
6,23,2,245,599987.8326760001,651933.067514,921,1588344483.0
6,9,2,276,601026.924381,649883.108971,364,1588344483.0
7,201,2,268,600410.273702,650778.9884489999,601,1588344543.0
7,199,1,292,600014.747555,651529.208524,813,1588344543.0
7,199,1,291,600014.747555,651529.208524,813,1588344543.0
7,194,2,289,600384.426337,650135.919067,439,1588344543.0
7,179,0,242,600408.470275,652231.456416,1006,1588344543.0
7,179,0,241,600408.470275,652231.456416,1006,1588344543.0
7,177,2,230,600971.5713109999,652281.334357,1011,1588344543.0
7,147,0,292,600014.747555,651529.208524,813,1588344543.0
7,147,0,291,600014.747555,651529.208524,813,1588344543.0
7,131,2,234,601514.911596,650068.348954,423,1588344543.0
7,125,1,242,600408.470275,652231.456416,1006,1588344543.0
7,125,1,241,600408.470275,652231.456416,1006,1588344543.0
7,117,2,297,600252.471518,653516.076022,1355,1588344543.0
7,117,2,296,600252.471518,653516.076022,1355,1588344543.0
7,114,1,270,600129.08902,651257.23974,733,1588344543.0
7,110,2,273,600195.7449899999,649919.004013,383,1588344543.0
7,110,2,253,600091.015093,649791.594036,328,1588344543.0
7,87,2,299,599799.3181520001,649623.683818,298,1588344543.0
7,80,0,270,600129.08902,651257.23974,733,1588344543.0
7,71,2,280,600255.040228,649027.91859,140,1588344543.0
7,58,1,284,601056.522961,650771.103744,607,1588344543.0
7,58,1,283,601056.522961,650771.103744,607,1588344543.0
7,54,2,257,600141.00525,652560.792839,1084,1588344543.0
7,23,2,259,600078.941324,651854.245087,895,1588344543.0
7,23,2,246,599987.8326760001,651933.067514,921,1588344543.0
7,23,2,245,599987.8326760001,651933.067514,921,1588344543.0
7,13,0,284,601056.522961,650771.103744,607,1588344543.0
7,13,0,283,601056.522961,650771.103744,607,1588344543.0
7,9,2,276,601026.924381,649883.108971,364,1588344543.0
8,201,2,268,600410.273702,650778.9884489999,601,1588344603.0
8,200,0,292,600135.900138,651388.912008,760,1588344603.0
8,200,0,291,600135.900138,651388.912008,760,1588344603.0
8,194,2,289,600384.426337,650135.919067,439,1588344603.0
8,179,2,242,600408.470275,652231.456416,1006,1588344603.0
8,179,2,241,600408.470275,652231.456416,1006,1588344603.0
8,177,1,230,600273.755739,652995.73707,1193,1588344603.0
8,148,0,230,600273.755739,652995.73707,1193,1588344603.0
8,147,1,292,600135.900138,651388.912008,760,1588344603.0
8,147,1,291,600135.900138,651388.912008,760,1588344603.0
8,144,0,257,600102.536634,652381.632529,1030,1588344603.0
8,137,0,297,600361.36907,653379.6494359999,1302,1588344603.0
8,137,0,296,600361.36907,653379.6494359999,1302,1588344603.0
8,131,2,234,601514.911596,650068.348954,423,1588344603.0
8,117,1,297,600361.36907,653379.6494359999,1302,1588344603.0
8,117,1,296,600361.36907,653379.6494359999,1302,1588344603.0
8,110,2,273,600195.7449899999,649919.004013,383,1588344603.0
8,110,2,253,600091.015093,649791.594036,328,1588344603.0
8,105,0,284,600929.818494,650939.285706,660,1588344603.0
8,105,0,283,600929.818494,650939.285706,660,1588344603.0
8,87,1,299,599830.792487,649473.40205,244,1588344603.0
8,80,2,270,600129.08902,651257.23974,733,1588344603.0
8,72,0,299,599830.792487,649473.40205,244,1588344603.0
8,71,2,280,600255.040228,649027.91859,140,1588344603.0
8,54,1,257,600102.536634,652381.632529,1030,1588344603.0
8,23,2,259,600078.941324,651854.245087,895,1588344603.0
8,23,2,246,599987.8326760001,651933.067514,921,1588344603.0
8,23,2,245,599987.8326760001,651933.067514,921,1588344603.0
8,13,1,284,600929.818494,650939.285706,660,1588344603.0
8,13,1,283,600929.818494,650939.285706,660,1588344603.0
8,9,2,276,601026.924381,649883.108971,364,1588344603.0
9,201,2,268,600410.273702,650778.9884489999,601,1588344663.0
9,200,2,292,600315.863493,651344.4794569999,762,1588344663.0
9,200,2,291,600315.863493,651344.4794569999,762,1588344663.0
9,194,2,289,600384.426337,650135.919067,439,1588344663.0
9,187,0,270,600272.3340609999,650286.9238529999,464,1588344663.0
9,179,2,242,600408.470275,652231.456416,1006,1588344663.0
9,179,2,241,600408.470275,652231.456416,1006,1588344663.0
9,148,2,230,600273.755739,652995.73707,1193,1588344663.0
9,144,1,257,600146.523181,652559.518545,1084,1588344663.0
9,137,2,297,600361.36907,653379.6494359999,1302,1588344663.0
9,137,2,296,600361.36907,653379.6494359999,1302,1588344663.0
9,131,2,234,601514.911596,650068.348954,423,1588344663.0
9,110,2,273,600195.7449899999,649919.004013,383,1588344663.0
9,110,2,253,600091.015093,649791.594036,328,1588344663.0
9,105,1,284,600785.2230560001,651092.3587399999,686,1588344663.0
9,105,1,283,600785.2230560001,651092.3587399999,686,1588344663.0
9,92,0,284,600785.2230560001,651092.3587399999,686,1588344663.0
9,92,0,283,600785.2230560001,651092.3587399999,686,1588344663.0
9,80,1,270,600272.3340609999,650286.9238529999,464,1588344663.0
9,72,2,299,599743.2561369999,649599.5473270001,270,1588344663.0
9,71,2,280,600255.040228,649027.91859,140,1588344663.0
9,54,0,257,600146.523181,652559.518545,1084,1588344663.0
9,23,2,259,600078.941324,651854.245087,895,1588344663.0
9,23,2,246,599987.8326760001,651933.067514,921,1588344663.0
9,23,2,245,599987.8326760001,651933.067514,921,1588344663.0
9,9,2,276,601026.924381,649883.108971,364,1588344663.0
10,201,2,268,600410.273702,650778.9884489999,601,1588344723.0
10,200,1,292,600328.443771,651159.539474,708,1588344723.0
10,200,1,291,600328.443771,651159.539474,708,1588344723.0
10,197,0,284,600639.327129,651244.19277,738,1588344723.0
10,197,0,283,600639.327129,651244.19277,738,1588344723.0
10,194,2,289,600384.426337,650135.919067,439,1588344723.0
10,187,1,270,600228.593521,649307.0673189999,221,1588344723.0
10,179,2,242,600408.470275,652231.456416,1006,1588344723.0
10,179,2,241,600408.470275,652231.456416,1006,1588344723.0
10,148,1,230,600786.767062,652138.9190090001,983,1588344723.0
10,137,2,297,600361.36907,653379.6494359999,1302,1588344723.0
10,137,2,296,600361.36907,653379.6494359999,1302,1588344723.0
10,131,2,234,601514.911596,650068.348954,423,1588344723.0
10,130,0,257,600281.161412,652435.217307,1059,1588344723.0
10,110,2,273,600195.7449899999,649919.004013,383,1588344723.0
10,110,2,253,600091.015093,649791.594036,328,1588344723.0
10,99,0,270,600228.593521,649307.0673189999,221,1588344723.0
10,92,1,284,600639.327129,651244.19277,738,1588344723.0
10,92,1,283,600639.327129,651244.19277,738,1588344723.0
10,72,2,299,599743.2561369999,649599.5473270001,270,1588344723.0
10,71,2,280,600255.040228,649027.91859,140,1588344723.0
10,54,1,257,600281.161412,652435.217307,1059,1588344723.0
10,23,2,259,600078.941324,651854.245087,895,1588344723.0
10,23,2,246,599987.8326760001,651933.067514,921,1588344723.0
10,23,2,245,599987.8326760001,651933.067514,921,1588344723.0
10,22,0,292,600328.443771,651159.539474,708,1588344723.0
10,22,0,291,600328.443771,651159.539474,708,1588344723.0
10,17,0,230,600786.767062,652138.9190090001,983,1588344723.0
10,9,2,276,601026.924381,649883.108971,364,1588344723.0
11,201,2,268,600410.273702,650778.9884489999,601,1588344783.0
11,197,1,284,600498.343063,651400.598293,764,1588344783.0
11,197,1,283,600498.343063,651400.598293,764,1588344783.0
11,194,2,289,600384.426337,650135.919067,439,1588344783.0
11,179,1,242,600329.10415,651208.479851,735,1588344783.0
11,179,1,241,600329.10415,651208.479851,735,1588344783.0
11,148,0,230,600284.643085,653002.162496,1221,1588344783.0
11,137,2,297,600361.36907,653379.6494359999,1302,1588344783.0
11,137,2,296,600361.36907,653379.6494359999,1302,1588344783.0
11,131,2,234,601514.911596,650068.348954,423,1588344783.0
11,130,1,257,600206.120396,652268.043455,1004,1588344783.0
11,110,2,273,600195.7449899999,649919.004013,383,1588344783.0
11,110,2,253,600091.015093,649791.594036,328,1588344783.0
11,104,0,292,600484.5779479999,651059.62361,683,1588344783.0
11,104,0,291,600484.5779479999,651059.62361,683,1588344783.0
11,99,2,270,600228.593521,649307.0673189999,221,1588344783.0
11,79,0,284,600498.343063,651400.598293,764,1588344783.0
11,79,0,283,600498.343063,651400.598293,764,1588344783.0
11,72,2,299,599743.2561369999,649599.5473270001,270,1588344783.0
11,71,2,280,600255.040228,649027.91859,140,1588344783.0
11,23,2,259,600078.941324,651854.245087,895,1588344783.0
11,23,2,246,599987.8326760001,651933.067514,921,1588344783.0
11,23,2,245,599987.8326760001,651933.067514,921,1588344783.0
11,22,1,292,600484.5779479999,651059.62361,683,1588344783.0
11,22,1,291,600484.5779479999,651059.62361,683,1588344783.0
11,22,0,242,600329.10415,651208.479851,735,1588344783.0
11,22,0,241,600329.10415,651208.479851,735,1588344783.0
11,17,1,230,600284.643085,653002.162496,1221,1588344783.0
11,11,0,257,600206.120396,652268.043455,1004,1588344783.0
11,9,2,276,601026.924381,649883.108971,364,1588344783.0
12,201,0,292,600520.218761,650877.7148600001,629,1588344843.0
12,201,0,291,600520.218761,650877.7148600001,629,1588344843.0
12,201,2,268,600410.273702,650778.9884489999,601,1588344843.0
12,194,2,289,600384.426337,650135.919067,439,1588344843.0
12,179,0,257,600378.32108,652205.392234,1006,1588344843.0
12,158,0,242,601144.6187,650585.8113569999,554,1588344843.0
12,158,0,241,601144.6187,650585.8113569999,554,1588344843.0
12,148,2,230,600284.643085,653002.162496,1221,1588344843.0
12,137,2,297,600361.36907,653379.6494359999,1302,1588344843.0
12,137,2,296,600361.36907,653379.6494359999,1302,1588344843.0
12,131,2,234,601514.911596,650068.348954,423,1588344843.0
12,110,2,273,600195.7449899999,649919.004013,383,1588344843.0
12,110,2,253,600091.015093,649791.594036,328,1588344843.0
12,104,1,292,600520.218761,650877.7148600001,629,1588344843.0
12,104,1,291,600520.218761,650877.7148600001,629,1588344843.0
12,99,2,270,600228.593521,649307.0673189999,221,1588344843.0
12,79,2,284,600370.8904680001,651568.2140149999,816,1588344843.0
12,79,2,283,600370.8904680001,651568.2140149999,816,1588344843.0
12,72,2,299,599864.364593,649505.165203,271,1588344843.0
12,71,2,280,600255.040228,649027.91859,140,1588344843.0
12,23,2,259,600078.941324,651854.245087,895,1588344843.0
12,23,2,246,599987.8326760001,651933.067514,921,1588344843.0
12,23,2,245,599987.8326760001,651933.067514,921,1588344843.0
12,22,1,242,601144.6187,650585.8113569999,554,1588344843.0
12,22,1,241,601144.6187,650585.8113569999,554,1588344843.0
12,11,1,257,600378.32108,652205.392234,1006,1588344843.0
12,9,2,276,601026.924381,649883.108971,364,1588344843.0
13,202,0,253,599954.78761,649919.609747,380,1588344903.0
13,201,1,292,600557.309976,651059.333424,683,1588344903.0
13,201,1,291,600557.309976,651059.333424,683,1588344903.0
13,201,2,268,600410.273702,650778.9884489999,601,1588344903.0
13,194,2,289,600384.426337,650135.919067,439,1588344903.0
13,179,1,257,600542.7866260001,652124.587933,980,1588344903.0
13,176,0,257,600542.7866260001,652124.587933,980,1588344903.0
13,161,0,284,600219.121091,651714.177197,869,1588344903.0
13,161,0,283,600219.121091,651714.177197,869,1588344903.0
13,158,1,242,601485.1670029999,649617.923509,315,1588344903.0
13,158,1,241,601485.1670029999,649617.923509,315,1588344903.0
13,148,2,230,600284.643085,653002.162496,1221,1588344903.0
13,137,2,297,600361.36907,653379.6494359999,1302,1588344903.0
13,137,2,296,600361.36907,653379.6494359999,1302,1588344903.0
13,131,2,234,601514.911596,650068.348954,423,1588344903.0
13,118,0,242,601485.1670029999,649617.923509,315,1588344903.0
13,118,0,241,601485.1670029999,649617.923509,315,1588344903.0
13,110,2,273,600195.7449899999,649919.004013,383,1588344903.0
13,110,1,253,599954.78761,649919.609747,380,1588344903.0
13,104,0,292,600557.309976,651059.333424,683,1588344903.0
13,104,0,291,600557.309976,651059.333424,683,1588344903.0
13,99,2,270,600228.593521,649307.0673189999,221,1588344903.0
13,79,1,284,600219.121091,651714.177197,869,1588344903.0
13,79,1,283,600219.121091,651714.177197,869,1588344903.0
13,72,2,299,599913.41492,649359.668437,218,1588344903.0
13,71,2,280,600255.040228,649027.91859,140,1588344903.0
13,23,2,259,600078.941324,651854.245087,895,1588344903.0
13,23,2,246,599987.8326760001,651933.067514,921,1588344903.0
13,23,2,245,599987.8326760001,651933.067514,921,1588344903.0
13,9,2,276,600905.984259,650013.616277,417,1588344903.0
14,213,0,253,599821.0459029999,650050.220257,406,1588344963.0
14,202,1,253,599821.0459029999,650050.220257,406,1588344963.0
14,201,2,268,600410.273702,650778.9884489999,601,1588344963.0
14,194,2,289,600384.426337,650135.919067,439,1588344963.0
14,176,1,257,600685.346454,652009.457805,955,1588344963.0
14,161,1,284,600063.0129869999,651855.490516,894,1588344963.0
14,161,1,283,600063.0129869999,651855.490516,894,1588344963.0
14,148,2,230,600284.643085,653002.162496,1221,1588344963.0
14,137,2,297,600361.36907,653379.6494359999,1302,1588344963.0
14,137,2,296,600361.36907,653379.6494359999,1302,1588344963.0
14,131,2,234,601514.911596,650068.348954,423,1588344963.0
14,118,2,242,601485.1670029999,649617.923509,315,1588344963.0
14,118,2,241,601485.1670029999,649617.923509,315,1588344963.0
14,115,0,292,600624.821241,650886.69713,630,1588344963.0
14,115,0,291,600624.821241,650886.69713,630,1588344963.0
14,110,2,273,600195.7449899999,649919.004013,383,1588344963.0
14,104,1,292,600624.821241,650886.69713,630,1588344963.0
14,104,1,291,600624.821241,650886.69713,630,1588344963.0
14,99,2,270,600228.593521,649307.0673189999,221,1588344963.0
14,98,0,276,600773.502104,650132.389794,442,1588344963.0
14,72,2,299,599905.3288670001,649512.997688,272,1588344963.0
14,71,2,280,600255.040228,649027.91859,140,1588344963.0
14,26,0,257,600685.346454,652009.457805,955,1588344963.0
14,23,0,284,600063.0129869999,651855.490516,894,1588344963.0
14,23,0,283,600063.0129869999,651855.490516,894,1588344963.0
14,23,2,259,600078.941324,651854.245087,895,1588344963.0
14,23,2,246,599987.8326760001,651933.067514,921,1588344963.0
14,23,2,245,599987.8326760001,651933.067514,921,1588344963.0
14,9,1,276,600773.502104,650132.389794,442,1588344963.0
15,213,2,253,599821.0459029999,650050.220257,406,1588345023.0
15,207,0,270,600939.502686,648631.315721,39,1588345023.0
15,201,2,268,600410.273702,650778.9884489999,601,1588345023.0
15,194,2,289,600384.426337,650135.919067,439,1588345023.0
15,148,2,230,600284.643085,653002.162496,1221,1588345023.0
15,137,2,297,600361.36907,653379.6494359999,1302,1588345023.0
15,137,2,296,600361.36907,653379.6494359999,1302,1588345023.0
15,131,2,234,601514.911596,650068.348954,423,1588345023.0
15,129,0,276,600645.3265770001,650255.798481,468,1588345023.0
15,129,0,242,600690.866696,650267.436447,469,1588345023.0
15,129,0,241,600690.866696,650267.436447,469,1588345023.0
15,118,1,242,600690.866696,650267.436447,469,1588345023.0
15,118,1,241,600690.866696,650267.436447,469,1588345023.0
15,115,2,292,600630.247813,650701.4092100001,576,1588345023.0
15,115,2,291,600630.247813,650701.4092100001,576,1588345023.0
15,110,1,273,600098.6067199999,649132.313536,166,1588345023.0
15,99,1,270,600939.502686,648631.315721,39,1588345023.0
15,98,1,276,600645.3265770001,650255.798481,468,1588345023.0
15,89,0,257,600817.69322,651882.719553,902,1588345023.0
15,72,2,299,599892.7203609999,649359.973935,218,1588345023.0
15,71,2,280,600255.040228,649027.91859,140,1588345023.0
15,45,0,273,600098.6067199999,649132.313536,166,1588345023.0
15,26,1,257,600817.69322,651882.719553,902,1588345023.0
15,23,2,284,600063.0129869999,651855.490516,894,1588345023.0
15,23,2,283,600063.0129869999,651855.490516,894,1588345023.0
15,23,2,259,600078.941324,651854.245087,895,1588345023.0
15,23,2,246,599987.8326760001,651933.067514,921,1588345023.0
15,23,2,245,599987.8326760001,651933.067514,921,1588345023.0
16,213,2,253,599821.0459029999,650050.220257,406,1588345083.0
16,207,2,270,600939.502686,648631.315721,39,1588345083.0
16,201,2,268,600410.273702,650778.9884489999,601,1588345083.0
16,199,0,284,600030.652318,651647.423264,840,1588345083.0
16,199,0,283,600030.652318,651647.423264,840,1588345083.0
16,194,2,289,600384.426337,650135.919067,439,1588345083.0
16,180,0,257,600787.689685,651701.948873,848,1588345083.0
16,148,2,230,600284.643085,653002.162496,1221,1588345083.0
16,137,2,297,600361.36907,653379.6494359999,1302,1588345083.0
16,137,2,296,600361.36907,653379.6494359999,1302,1588345083.0
16,131,2,234,601514.911596,650068.348954,423,1588345083.0
16,129,1,276,600533.257962,650393.9986810001,494,1588345083.0
16,129,1,242,599963.6490689999,650991.2696850001,650,1588345083.0
16,129,1,241,599963.6490689999,650991.2696850001,650,1588345083.0
16,123,0,242,599963.6490689999,650991.2696850001,650,1588345083.0
16,123,0,241,599963.6490689999,650991.2696850001,650,1588345083.0
16,115,1,292,600815.0169060001,650686.528241,578,1588345083.0
16,115,1,291,600815.0169060001,650686.528241,578,1588345083.0
16,97,0,276,600533.257962,650393.9986810001,494,1588345083.0
16,89,1,257,600787.689685,651701.948873,848,1588345083.0
16,72,1,299,599957.709426,649220.8636729999,191,1588345083.0
16,71,2,280,600255.040228,649027.91859,140,1588345083.0
16,50,0,299,599957.709426,649220.8636729999,191,1588345083.0
16,45,2,273,600098.6067199999,649132.313536,166,1588345083.0
16,37,0,292,600815.0169060001,650686.528241,578,1588345083.0
16,37,0,291,600815.0169060001,650686.528241,578,1588345083.0
16,23,1,284,600030.652318,651647.423264,840,1588345083.0
16,23,1,283,600030.652318,651647.423264,840,1588345083.0
16,23,2,259,600078.941324,651854.245087,895,1588345083.0
16,23,2,246,599987.8326760001,651933.067514,921,1588345083.0
16,23,2,245,599987.8326760001,651933.067514,921,1588345083.0
17,213,2,253,599821.0459029999,650050.220257,406,1588345143.0
17,207,1,270,600293.621224,649369.46828,222,1588345143.0
17,201,2,268,600410.273702,650778.9884489999,601,1588345143.0
17,199,1,284,600236.827208,651604.631805,842,1588345143.0
17,199,1,283,600236.827208,651604.631805,842,1588345143.0
17,197,0,257,600817.565795,651521.157089,821,1588345143.0
17,194,2,289,600384.426337,650135.919067,439,1588345143.0
17,193,0,292,600977.8138850001,650597.881726,552,1588345143.0
17,193,0,291,600977.8138850001,650597.881726,552,1588345143.0
17,180,1,257,600817.565795,651521.157089,821,1588345143.0
17,161,0,284,600236.827208,651604.631805,842,1588345143.0
17,161,0,283,600236.827208,651604.631805,842,1588345143.0
17,148,2,230,600284.643085,653002.162496,1221,1588345143.0
17,137,2,297,600361.36907,653379.6494359999,1302,1588345143.0
17,137,2,296,600361.36907,653379.6494359999,1302,1588345143.0
17,131,2,234,601514.911596,650068.348954,423,1588345143.0
17,123,2,242,599963.6490689999,650991.2696850001,650,1588345143.0
17,123,2,241,599963.6490689999,650991.2696850001,650,1588345143.0
17,99,0,270,600293.621224,649369.46828,222,1588345143.0
17,97,2,276,600417.844322,650529.417888,547,1588345143.0
17,71,1,280,600245.76195,648833.420434,86,1588345143.0
17,66,0,280,600245.76195,648833.420434,86,1588345143.0
17,50,1,299,600036.30377,649088.9615409999,138,1588345143.0
17,45,0,299,600036.30377,649088.9615409999,138,1588345143.0
17,45,2,273,600098.6067199999,649132.313536,166,1588345143.0
17,37,1,292,600977.8138850001,650597.881726,552,1588345143.0
17,37,1,291,600977.8138850001,650597.881726,552,1588345143.0
17,23,2,259,600078.941324,651854.245087,895,1588345143.0
17,23,2,246,599987.8326760001,651933.067514,921,1588345143.0
17,23,2,245,599987.8326760001,651933.067514,921,1588345143.0
18,221,0,242,600203.682856,649993.690708,383,1588345203.0
18,221,0,241,600203.682856,649993.690708,383,1588345203.0
18,219,0,280,600369.39222,648682.9838170001,33,1588345203.0
18,213,2,253,599821.0459029999,650050.220257,406,1588345203.0
18,201,2,268,600410.273702,650778.9884489999,601,1588345203.0
18,197,1,257,600979.922977,651436.195943,796,1588345203.0
18,194,2,289,600384.426337,650135.919067,439,1588345203.0
18,193,1,292,601128.643571,650490.125209,527,1588345203.0
18,193,1,291,601128.643571,650490.125209,527,1588345203.0
18,161,1,284,600444.016039,651642.2081619999,844,1588345203.0
18,161,1,283,600444.016039,651642.2081619999,844,1588345203.0
18,158,0,292,601128.643571,650490.125209,527,1588345203.0
18,158,0,291,601128.643571,650490.125209,527,1588345203.0
18,148,2,230,600284.643085,653002.162496,1221,1588345203.0
18,137,1,297,600407.311058,653211.244496,1276,1588345203.0
18,137,1,296,600407.311058,653211.244496,1276,1588345203.0
18,131,2,234,601514.911596,650068.348954,423,1588345203.0
18,123,1,242,600203.682856,649993.690708,383,1588345203.0
18,123,1,241,600203.682856,649993.690708,383,1588345203.0
18,99,2,270,600293.621224,649369.46828,222,1588345203.0
18,97,2,276,600417.844322,650529.417888,547,1588345203.0
18,79,0,284,600444.016039,651642.2081619999,844,1588345203.0
18,79,0,283,600444.016039,651642.2081619999,844,1588345203.0
18,66,1,280,600369.39222,648682.9838170001,33,1588345203.0
18,45,2,299,599985.0770449999,648944.2167100001,111,1588345203.0
18,45,2,273,600098.6067199999,649132.313536,166,1588345203.0
18,35,0,297,600407.311058,653211.244496,1276,1588345203.0
18,35,0,296,600407.311058,653211.244496,1276,1588345203.0
18,32,0,257,600979.922977,651436.195943,796,1588345203.0
18,23,2,259,600078.941324,651854.245087,895,1588345203.0
18,23,2,246,599987.8326760001,651933.067514,921,1588345203.0
18,23,2,245,599987.8326760001,651933.067514,921,1588345203.0
19,221,1,242,599987.571627,648990.6573229999,111,1588345263.0
19,221,1,241,599987.571627,648990.6573229999,111,1588345263.0
19,219,1,280,600554.549634,648743.252808,62,1588345263.0
19,213,2,253,599821.0459029999,650050.220257,406,1588345263.0
19,201,2,268,600410.273702,650778.9884489999,601,1588345263.0
19,194,2,289,600384.426337,650135.919067,439,1588345263.0
19,158,1,292,601133.2362340001,650304.814745,500,1588345263.0
19,158,1,291,601133.2362340001,650304.814745,500,1588345263.0
19,148,2,230,600284.643085,653002.162496,1221,1588345263.0
19,136,0,270,601269.507738,649271.0936189999,204,1588345263.0
19,131,2,234,601514.911596,650068.348954,423,1588345263.0
19,126,0,292,601133.2362340001,650304.814745,500,1588345263.0
19,126,0,291,601133.2362340001,650304.814745,500,1588345263.0
19,125,0,257,601152.905796,651375.737733,770,1588345263.0
19,99,1,270,601269.507738,649271.0936189999,204,1588345263.0
19,97,2,276,600417.844322,650529.417888,547,1588345263.0
19,79,2,284,600582.69428,651483.7545729999,792,1588345263.0
19,79,2,283,600582.69428,651483.7545729999,792,1588345263.0
19,71,0,299,600078.6436300001,648822.477079,85,1588345263.0
19,45,1,299,600078.6436300001,648822.477079,85,1588345263.0
19,45,2,273,600098.6067199999,649132.313536,166,1588345263.0
19,45,0,242,599987.571627,648990.6573229999,111,1588345263.0
19,45,0,241,599987.571627,648990.6573229999,111,1588345263.0
19,35,2,297,600387.8065739999,653037.778462,1222,1588345263.0
19,35,2,296,600387.8065739999,653037.778462,1222,1588345263.0
19,33,0,280,600554.549634,648743.252808,62,1588345263.0
19,32,1,257,601152.905796,651375.737733,770,1588345263.0
19,23,2,259,600078.941324,651854.245087,895,1588345263.0
19,23,2,246,599987.8326760001,651933.067514,921,1588345263.0
19,23,2,245,599987.8326760001,651933.067514,921,1588345263.0
20,213,2,253,599821.0459029999,650050.220257,406,1588345323.0
20,201,2,268,600410.273702,650778.9884489999,601,1588345323.0
20,197,0,284,600793.228624,651487.56042,794,1588345323.0
20,197,0,283,600793.228624,651487.56042,794,1588345323.0
20,194,2,289,600384.426337,650135.919067,439,1588345323.0
20,148,0,297,600440.7946,652871.456006,1168,1588345323.0
20,148,0,296,600440.7946,652871.456006,1168,1588345323.0
20,148,2,230,600284.643085,653002.162496,1221,1588345323.0
20,136,2,270,601269.507738,649271.0936189999,204,1588345323.0
20,131,2,234,601514.911596,650068.348954,423,1588345323.0
20,126,1,292,601313.513827,650261.67485,475,1588345323.0
20,126,1,291,601313.513827,650261.67485,475,1588345323.0
20,125,1,257,601294.624885,651491.901199,799,1588345323.0
20,109,0,242,600053.218578,650014.605814,408,1588345323.0
20,109,0,241,600053.218578,650014.605814,408,1588345323.0
20,106,0,292,601313.513827,650261.67485,475,1588345323.0
20,106,0,291,601313.513827,650261.67485,475,1588345323.0
20,97,2,276,600417.844322,650529.417888,547,1588345323.0
20,79,1,284,600793.228624,651487.56042,794,1588345323.0
20,79,1,283,600793.228624,651487.56042,794,1588345323.0
20,71,2,299,600078.6436300001,648822.477079,85,1588345323.0
20,45,2,273,600098.6067199999,649132.313536,166,1588345323.0
20,45,1,242,600053.218578,650014.605814,408,1588345323.0
20,45,1,241,600053.218578,650014.605814,408,1588345323.0
20,35,1,297,600440.7946,652871.456006,1168,1588345323.0
20,35,1,296,600440.7946,652871.456006,1168,1588345323.0
20,33,2,280,600618.130692,648927.299183,117,1588345323.0
20,23,2,259,600078.941324,651854.245087,895,1588345323.0
20,23,2,246,599987.8326760001,651933.067514,921,1588345323.0
20,23,2,245,599987.8326760001,651933.067514,921,1588345323.0
20,18,0,257,601294.624885,651491.901199,799,1588345323.0
21,213,2,253,599821.0459029999,650050.220257,406,1588345383.0
21,201,2,268,600410.273702,650778.9884489999,601,1588345383.0
21,197,1,284,600952.609538,651349.948944,768,1588345383.0
21,197,1,283,600952.609538,651349.948944,768,1588345383.0
21,194,2,289,600384.426337,650135.919067,439,1588345383.0
21,181,0,257,601467.363592,651430.7490109999,800,1588345383.0
21,148,1,297,600558.850163,652742.872282,1142,1588345383.0
21,148,1,296,600558.850163,652742.872282,1142,1588345383.0
21,148,2,230,600284.643085,653002.162496,1221,1588345383.0
21,142,0,297,600558.850163,652742.872282,1142,1588345383.0
21,142,0,296,600558.850163,652742.872282,1142,1588345383.0
21,136,1,270,600629.498658,650014.343535,414,1588345383.0
21,131,2,234,601514.911596,650068.348954,423,1588345383.0
21,109,1,242,600751.983053,649263.268178,199,1588345383.0
21,109,1,241,600751.983053,649263.268178,199,1588345383.0
21,106,2,292,601406.029738,650101.045254,422,1588345383.0
21,106,2,291,601406.029738,650101.045254,422,1588345383.0
21,97,2,276,600417.844322,650529.417888,547,1588345383.0
21,91,0,270,600629.498658,650014.343535,414,1588345383.0
21,71,2,299,600078.6436300001,648822.477079,85,1588345383.0
21,45,2,273,600098.6067199999,649132.313536,166,1588345383.0
21,33,1,280,600686.88189,649109.477371,172,1588345383.0
21,32,0,284,600952.609538,651349.948944,768,1588345383.0
21,32,0,283,600952.609538,651349.948944,768,1588345383.0
21,23,2,259,600078.941324,651854.245087,895,1588345383.0
21,23,2,246,599987.8326760001,651933.067514,921,1588345383.0
21,23,2,245,599987.8326760001,651933.067514,921,1588345383.0
21,18,1,257,601467.363592,651430.7490109999,800,1588345383.0
21,7,0,280,600686.88189,649109.477371,172,1588345383.0
21,7,0,242,600751.983053,649263.268178,199,1588345383.0
21,7,0,241,600751.983053,649263.268178,199,1588345383.0
22,213,2,253,599821.0459029999,650050.220257,406,1588345443.0
22,201,2,268,600410.273702,650778.9884489999,601,1588345443.0
22,194,2,289,600384.426337,650135.919067,439,1588345443.0
22,188,0,280,600642.241822,649299.010702,198,1588345443.0
22,181,1,257,601555.485445,651270.085418,747,1588345443.0
22,148,2,230,600284.643085,653002.162496,1221,1588345443.0
22,142,2,297,600647.080805,652592.252749,1089,1588345443.0
22,142,2,296,600647.080805,652592.252749,1089,1588345443.0
22,131,0,292,601542.460446,649975.555323,396,1588345443.0
22,131,0,291,601542.460446,649975.555323,396,1588345443.0
22,131,2,234,601514.911596,650068.348954,423,1588345443.0
22,106,1,292,601542.460446,649975.555323,396,1588345443.0
22,106,1,291,601542.460446,649975.555323,396,1588345443.0
22,97,2,276,600417.844322,650529.417888,547,1588345443.0
22,91,1,270,599969.599013,650739.991191,596,1588345443.0
22,90,0,284,600995.056948,651143.702946,715,1588345443.0
22,90,0,283,600995.056948,651143.702946,715,1588345443.0
22,77,0,270,599969.599013,650739.991191,596,1588345443.0
22,71,2,299,600078.6436300001,648822.477079,85,1588345443.0
22,55,0,257,601555.485445,651270.085418,747,1588345443.0
22,45,2,273,600098.6067199999,649132.313536,166,1588345443.0
22,32,1,284,600995.056948,651143.702946,715,1588345443.0
22,32,1,283,600995.056948,651143.702946,715,1588345443.0
22,23,2,259,600078.941324,651854.245087,895,1588345443.0
22,23,2,246,599987.8326760001,651933.067514,921,1588345443.0
22,23,2,245,599987.8326760001,651933.067514,921,1588345443.0
22,7,1,280,600642.241822,649299.010702,198,1588345443.0
22,7,2,242,600751.983053,649263.268178,199,1588345443.0
22,7,2,241,600751.983053,649263.268178,199,1588345443.0
23,214,0,253,599990.268186,650129.654307,435,1588345503.0
23,213,1,253,599990.268186,650129.654307,435,1588345503.0
23,201,2,268,600410.273702,650778.9884489999,601,1588345503.0
23,194,2,289,600384.426337,650135.919067,439,1588345503.0
23,188,2,280,600642.241822,649299.010702,198,1588345503.0
23,148,2,230,600284.643085,653002.162496,1221,1588345503.0
23,142,2,297,600540.89846,652730.803099,1142,1588345503.0
23,142,2,296,600540.89846,652730.803099,1142,1588345503.0
23,135,0,257,601728.8613689999,651210.763921,749,1588345503.0
23,131,2,292,601542.460446,649975.555323,396,1588345503.0
23,131,2,291,601542.460446,649975.555323,396,1588345503.0
23,131,2,234,601514.911596,650068.348954,423,1588345503.0
23,125,0,284,601130.4155479999,651305.001562,770,1588345503.0
23,125,0,283,601130.4155479999,651305.001562,770,1588345503.0
23,109,0,242,600108.646526,650062.579224,409,1588345503.0
23,109,0,241,600108.646526,650062.579224,409,1588345503.0
23,97,2,276,600417.844322,650529.417888,547,1588345503.0
23,90,1,284,601130.4155479999,651305.001562,770,1588345503.0
23,90,1,283,601130.4155479999,651305.001562,770,1588345503.0
23,77,2,270,599969.599013,650739.991191,596,1588345503.0
23,71,2,299,600078.6436300001,648822.477079,85,1588345503.0
23,55,1,257,601728.8613689999,651210.763921,749,1588345503.0
23,45,2,273,600098.6067199999,649132.313536,166,1588345503.0
23,23,2,259,600078.941324,651854.245087,895,1588345503.0
23,23,2,246,599987.8326760001,651933.067514,921,1588345503.0
23,23,2,245,599987.8326760001,651933.067514,921,1588345503.0
23,7,1,242,600108.646526,650062.579224,409,1588345503.0
23,7,1,241,600108.646526,650062.579224,409,1588345503.0
24,226,0,253,600167.568406,650188.904467,436,1588345563.0
24,214,1,253,600167.568406,650188.904467,436,1588345563.0
24,201,2,268,600410.273702,650778.9884489999,601,1588345563.0
24,194,2,289,600384.426337,650135.919067,439,1588345563.0
24,188,2,280,600642.241822,649299.010702,198,1588345563.0
24,175,0,284,601102.607284,651096.277115,689,1588345563.0
24,175,0,283,601102.607284,651096.277115,689,1588345563.0
24,162,0,257,601816.577262,651049.878332,696,1588345563.0
24,148,2,230,600284.643085,653002.162496,1221,1588345563.0
24,142,1,297,600670.262893,652848.002645,1170,1588345563.0
24,142,1,296,600670.262893,652848.002645,1170,1588345563.0
24,135,1,257,601816.577262,651049.878332,696,1588345563.0
24,131,2,292,601542.460446,649975.555323,396,1588345563.0
24,131,2,291,601542.460446,649975.555323,396,1588345563.0
24,131,2,234,601514.911596,650068.348954,423,1588345563.0
24,125,1,284,601102.607284,651096.277115,689,1588345563.0
24,125,1,283,601102.607284,651096.277115,689,1588345563.0
24,109,2,242,600108.646526,650062.579224,409,1588345563.0
24,109,2,241,600108.646526,650062.579224,409,1588345563.0
24,97,2,276,600417.844322,650529.417888,547,1588345563.0
24,79,0,270,600623.036406,651471.463429,792,1588345563.0
24,77,1,270,600623.036406,651471.463429,792,1588345563.0
24,71,2,299,600078.6436300001,648822.477079,85,1588345563.0
24,45,2,273,600098.6067199999,649132.313536,166,1588345563.0
24,31,0,297,600670.262893,652848.002645,1170,1588345563.0
24,31,0,296,600670.262893,652848.002645,1170,1588345563.0
24,23,2,259,600078.941324,651854.245087,895,1588345563.0
24,23,2,246,599987.8326760001,651933.067514,921,1588345563.0
24,23,2,245,599987.8326760001,651933.067514,921,1588345563.0
25,226,2,253,600167.568406,650188.904467,436,1588345623.0
25,201,2,268,600410.273702,650778.9884489999,601,1588345623.0
25,194,2,289,600384.426337,650135.919067,439,1588345623.0
25,188,2,280,600642.241822,649299.010702,198,1588345623.0
25,175,1,284,601292.4101890001,651187.458536,718,1588345623.0
25,175,1,283,601292.4101890001,651187.458536,718,1588345623.0
25,162,1,257,601639.25541,651003.669978,694,1588345623.0
25,158,0,242,601087.7023069999,650369.54797,500,1588345623.0
25,158,0,241,601087.7023069999,650369.54797,500,1588345623.0
25,154,0,270,601406.887453,652061.047688,962,1588345623.0
25,148,2,230,600284.643085,653002.162496,1221,1588345623.0
25,131,2,292,601542.460446,649975.555323,396,1588345623.0
25,131,2,291,601542.460446,649975.555323,396,1588345623.0
25,131,2,234,601514.911596,650068.348954,423,1588345623.0
25,109,1,242,601087.7023069999,650369.54797,500,1588345623.0
25,109,1,241,601087.7023069999,650369.54797,500,1588345623.0
25,97,2,276,600417.844322,650529.417888,547,1588345623.0
25,79,1,270,601406.887453,652061.047688,962,1588345623.0
25,71,2,299,600078.6436300001,648822.477079,85,1588345623.0
25,59,0,284,601292.4101890001,651187.458536,718,1588345623.0
25,59,0,283,601292.4101890001,651187.458536,718,1588345623.0
25,48,0,257,601639.25541,651003.669978,694,1588345623.0
25,45,2,273,600098.6067199999,649132.313536,166,1588345623.0
25,31,2,297,600840.337933,652887.313852,1172,1588345623.0
25,31,2,296,600840.337933,652887.313852,1172,1588345623.0
25,23,2,259,600078.941324,651854.245087,895,1588345623.0
25,23,2,246,599987.8326760001,651933.067514,921,1588345623.0
25,23,2,245,599987.8326760001,651933.067514,921,1588345623.0
26,227,0,297,601014.081847,652904.1644369999,1201,1588345683.0
26,227,0,296,601014.081847,652904.1644369999,1201,1588345683.0
26,226,2,253,600167.568406,650188.904467,436,1588345683.0
26,201,2,268,600410.273702,650778.9884489999,601,1588345683.0
26,194,2,289,600384.426337,650135.919067,439,1588345683.0
26,188,2,280,600642.241822,649299.010702,198,1588345683.0
26,158,1,242,602094.429551,650171.355414,456,1588345683.0
26,158,1,241,602094.429551,650171.355414,456,1588345683.0
26,154,2,270,601406.887453,652061.047688,962,1588345683.0
26,148,2,230,600284.643085,653002.162496,1221,1588345683.0
26,135,0,257,601800.152556,651091.364672,696,1588345683.0
26,131,2,292,601542.460446,649975.555323,396,1588345683.0
26,131,2,291,601542.460446,649975.555323,396,1588345683.0
26,131,2,234,601514.911596,650068.348954,423,1588345683.0
26,97,2,276,600417.844322,650529.417888,547,1588345683.0
26,71,2,299,600078.6436300001,648822.477079,85,1588345683.0
26,70,0,242,602094.429551,650171.355414,456,1588345683.0
26,70,0,241,602094.429551,650171.355414,456,1588345683.0
26,65,0,273,600734.365886,649605.735158,307,1588345683.0
26,59,1,284,601240.010347,651391.4032609999,771,1588345683.0
26,59,1,283,601240.010347,651391.4032609999,771,1588345683.0
26,48,1,257,601800.152556,651091.364672,696,1588345683.0
26,45,1,273,600734.365886,649605.735158,307,1588345683.0
26,31,1,297,601014.081847,652904.1644369999,1201,1588345683.0
26,31,1,296,601014.081847,652904.1644369999,1201,1588345683.0
26,23,2,259,600078.941324,651854.245087,895,1588345683.0
26,23,2,246,599987.8326760001,651933.067514,921,1588345683.0
26,23,2,245,599987.8326760001,651933.067514,921,1588345683.0
26,18,0,284,601240.010347,651391.4032609999,771,1588345683.0
26,18,0,283,601240.010347,651391.4032609999,771,1588345683.0
27,227,2,297,601014.081847,652904.1644369999,1201,1588345743.0
27,227,2,296,601014.081847,652904.1644369999,1201,1588345743.0
27,226,2,253,600167.568406,650188.904467,436,1588345743.0
27,201,2,268,600410.273702,650778.9884489999,601,1588345743.0
27,197,0,270,600691.24879,651390.30678,766,1588345743.0
27,194,2,289,600384.426337,650135.919067,439,1588345743.0
27,188,2,280,600642.241822,649299.010702,198,1588345743.0
27,181,0,284,601444.1821689999,651442.91114,800,1588345743.0
27,181,0,283,601444.1821689999,651442.91114,800,1588345743.0
27,154,1,270,600691.24879,651390.30678,766,1588345743.0
27,148,2,230,600284.643085,653002.162496,1221,1588345743.0
27,135,2,257,601800.152556,651091.364672,696,1588345743.0
27,131,2,292,601542.460446,649975.555323,396,1588345743.0
27,131,2,291,601542.460446,649975.555323,396,1588345743.0
27,131,2,234,601514.911596,650068.348954,423,1588345743.0
27,118,0,273,601519.075036,649717.758813,342,1588345743.0
27,97,2,276,600417.844322,650529.417888,547,1588345743.0
27,71,2,299,600078.6436300001,648822.477079,85,1588345743.0
27,70,2,242,602094.429551,650171.355414,456,1588345743.0
27,70,2,241,602094.429551,650171.355414,456,1588345743.0
27,65,1,273,601519.075036,649717.758813,342,1588345743.0
27,23,2,259,600078.941324,651854.245087,895,1588345743.0
27,23,2,246,599987.8326760001,651933.067514,921,1588345743.0
27,23,2,245,599987.8326760001,651933.067514,921,1588345743.0
27,18,1,284,601444.1821689999,651442.91114,800,1588345743.0
27,18,1,283,601444.1821689999,651442.91114,800,1588345743.0
28,227,1,297,600894.517836,652776.982138,1146,1588345803.0
28,227,1,296,600894.517836,652776.982138,1146,1588345803.0
28,226,2,253,600167.568406,650188.904467,436,1588345803.0
28,201,2,268,600410.273702,650778.9884489999,601,1588345803.0
28,197,1,270,599961.574576,650734.8621960001,596,1588345803.0
28,194,2,289,600384.426337,650135.919067,439,1588345803.0
28,188,2,280,600642.241822,649299.010702,198,1588345803.0
28,181,2,284,601444.1821689999,651442.91114,800,1588345803.0
28,181,2,283,601444.1821689999,651442.91114,800,1588345803.0
28,148,2,230,600284.643085,653002.162496,1221,1588345803.0
28,135,1,257,601665.7913439999,650966.764049,667,1588345803.0
28,131,2,292,601542.460446,649975.555323,396,1588345803.0
28,131,2,291,601542.460446,649975.555323,396,1588345803.0
28,131,2,234,601514.911596,650068.348954,423,1588345803.0
28,122,0,273,601857.565471,650434.516774,534,1588345803.0
28,118,1,273,601857.565471,650434.516774,534,1588345803.0
28,97,2,276,600417.844322,650529.417888,547,1588345803.0
28,81,0,242,601344.727141,649470.8367989999,259,1588345803.0
28,81,0,241,601344.727141,649470.8367989999,259,1588345803.0
28,77,0,270,599961.574576,650734.8621960001,596,1588345803.0
28,71,2,299,600078.6436300001,648822.477079,85,1588345803.0
28,70,1,242,601344.727141,649470.8367989999,259,1588345803.0
28,70,1,241,601344.727141,649470.8367989999,259,1588345803.0
28,48,0,257,601665.7913439999,650966.764049,667,1588345803.0
28,31,0,297,600894.517836,652776.982138,1146,1588345803.0
28,31,0,296,600894.517836,652776.982138,1146,1588345803.0
28,23,2,259,600078.941324,651854.245087,895,1588345803.0
28,23,2,246,599987.8326760001,651933.067514,921,1588345803.0
28,23,2,245,599987.8326760001,651933.067514,921,1588345803.0
29,226,2,253,600167.568406,650188.904467,436,1588345863.0
29,201,2,268,600410.273702,650778.9884489999,601,1588345863.0
29,194,2,289,600384.426337,650135.919067,439,1588345863.0
29,188,2,280,600642.241822,649299.010702,198,1588345863.0
29,181,2,284,601444.1821689999,651442.91114,800,1588345863.0
29,181,2,283,601444.1821689999,651442.91114,800,1588345863.0
29,166,0,257,601566.323935,650812.8664020001,639,1588345863.0
29,148,2,230,600284.643085,653002.162496,1221,1588345863.0
29,131,2,292,601542.460446,649975.555323,396,1588345863.0
29,131,2,291,601542.460446,649975.555323,396,1588345863.0
29,131,2,234,601514.911596,650068.348954,423,1588345863.0
29,122,2,273,601857.565471,650434.516774,534,1588345863.0
29,97,2,276,600417.844322,650529.417888,547,1588345863.0
29,81,1,242,600555.000255,648815.770787,89,1588345863.0
29,81,1,241,600555.000255,648815.770787,89,1588345863.0
29,77,2,270,599961.574576,650734.8621960001,596,1588345863.0
29,71,2,299,600078.6436300001,648822.477079,85,1588345863.0
29,48,1,257,601566.323935,650812.8664020001,639,1588345863.0
29,33,0,242,600555.000255,648815.770787,89,1588345863.0
29,33,0,241,600555.000255,648815.770787,89,1588345863.0
29,31,2,297,600780.361166,652644.924784,1118,1588345863.0
29,31,2,296,600780.361166,652644.924784,1118,1588345863.0
29,23,2,259,600078.941324,651854.245087,895,1588345863.0
29,23,2,246,599987.8326760001,651933.067514,921,1588345863.0
29,23,2,245,599987.8326760001,651933.067514,921,1588345863.0
30,226,2,253,600167.568406,650188.904467,436,1588345923.0
30,216,0,297,600687.8053819999,652496.923714,1063,1588345923.0
30,216,0,296,600687.8053819999,652496.923714,1063,1588345923.0
30,201,2,268,600410.273702,650778.9884489999,601,1588345923.0
30,198,0,273,601251.129995,649924.072102,393,1588345923.0
30,194,2,289,600384.426337,650135.919067,439,1588345923.0
30,188,2,280,600642.241822,649299.010702,198,1588345923.0
30,181,2,284,601444.1821689999,651442.91114,800,1588345923.0
30,181,2,283,601444.1821689999,651442.91114,800,1588345923.0
30,166,2,257,601428.150315,650692.507349,584,1588345923.0
30,148,2,230,600284.643085,653002.162496,1221,1588345923.0
30,131,2,292,601542.460446,649975.555323,396,1588345923.0
30,131,2,291,601542.460446,649975.555323,396,1588345923.0
30,131,2,234,601514.911596,650068.348954,423,1588345923.0
30,122,1,273,601251.129995,649924.072102,393,1588345923.0
30,97,2,276,600417.844322,650529.417888,547,1588345923.0
30,77,2,270,599961.574576,650734.8621960001,596,1588345923.0
30,71,2,299,600078.6436300001,648822.477079,85,1588345923.0
30,33,2,242,600555.000255,648815.770787,89,1588345923.0
30,33,2,241,600555.000255,648815.770787,89,1588345923.0
30,31,1,297,600687.8053819999,652496.923714,1063,1588345923.0
30,31,1,296,600687.8053819999,652496.923714,1063,1588345923.0
30,23,2,259,600078.941324,651854.245087,895,1588345923.0
30,23,2,246,599987.8326760001,651933.067514,921,1588345923.0
30,23,2,245,599987.8326760001,651933.067514,921,1588345923.0
31,226,2,253,600167.568406,650188.904467,436,1588345983.0
31,216,2,297,600558.143826,652380.052969,1034,1588345983.0
31,216,2,296,600558.143826,652380.052969,1034,1588345983.0
31,209,0,242,601559.302871,649025.904768,153,1588345983.0
31,209,0,241,601559.302871,649025.904768,153,1588345983.0
31,201,2,268,600410.273702,650778.9884489999,601,1588345983.0
31,198,1,273,600672.480634,649382.331698,225,1588345983.0
31,194,2,289,600384.426337,650135.919067,439,1588345983.0
31,188,2,280,600642.241822,649299.010702,198,1588345983.0
31,188,0,273,600672.480634,649382.331698,225,1588345983.0
31,181,2,284,601444.1821689999,651442.91114,800,1588345983.0
31,181,2,283,601444.1821689999,651442.91114,800,1588345983.0
31,170,0,292,601724.508933,649940.63528,398,1588345983.0
31,170,0,291,601724.508933,649940.63528,398,1588345983.0
31,166,2,257,601428.150315,650692.507349,584,1588345983.0
31,148,2,230,600284.643085,653002.162496,1221,1588345983.0
31,131,1,292,601724.508933,649940.63528,398,1588345983.0
31,131,1,291,601724.508933,649940.63528,398,1588345983.0
31,131,2,234,601514.911596,650068.348954,423,1588345983.0
31,97,2,276,600417.844322,650529.417888,547,1588345983.0
31,77,2,270,599961.574576,650734.8621960001,596,1588345983.0
31,71,2,299,600078.6436300001,648822.477079,85,1588345983.0
31,33,1,242,601559.302871,649025.904768,153,1588345983.0
31,33,1,241,601559.302871,649025.904768,153,1588345983.0
31,23,2,259,600078.941324,651854.245087,895,1588345983.0
31,23,2,246,599987.8326760001,651933.067514,921,1588345983.0
31,23,2,245,599987.8326760001,651933.067514,921,1588345983.0
32,226,2,253,600167.568406,650188.904467,436,1588346043.0
32,216,1,297,600415.729038,652279.112797,1006,1588346043.0
32,216,1,296,600415.729038,652279.112797,1006,1588346043.0
32,209,2,242,601559.302871,649025.904768,153,1588346043.0
32,209,2,241,601559.302871,649025.904768,153,1588346043.0
32,201,2,268,600410.273702,650778.9884489999,601,1588346043.0
32,194,2,289,600384.426337,650135.919067,439,1588346043.0
32,193,0,270,600936.4258229999,650626.7090319999,579,1588346043.0
32,188,2,280,600642.241822,649299.010702,198,1588346043.0
32,188,1,273,600107.323939,648826.52988,85,1588346043.0
32,181,2,284,601444.1821689999,651442.91114,800,1588346043.0
32,181,2,283,601444.1821689999,651442.91114,800,1588346043.0
32,179,0,297,600415.729038,652279.112797,1006,1588346043.0
32,179,0,296,600415.729038,652279.112797,1006,1588346043.0
32,170,1,292,601630.189365,650100.212471,424,1588346043.0
32,170,1,291,601630.189365,650100.212471,424,1588346043.0
32,166,2,257,601428.150315,650692.507349,584,1588346043.0
32,148,2,230,600284.643085,653002.162496,1221,1588346043.0
32,131,2,234,601514.911596,650068.348954,423,1588346043.0
32,97,2,276,600417.844322,650529.417888,547,1588346043.0
32,77,1,270,600936.4258229999,650626.7090319999,579,1588346043.0
32,71,2,299,600078.6436300001,648822.477079,85,1588346043.0
32,71,0,273,600107.323939,648826.52988,85,1588346043.0
32,47,0,292,601630.189365,650100.212471,424,1588346043.0
32,47,0,291,601630.189365,650100.212471,424,1588346043.0
32,23,2,259,600078.941324,651854.245087,895,1588346043.0
32,23,2,246,599987.8326760001,651933.067514,921,1588346043.0
32,23,2,245,599987.8326760001,651933.067514,921,1588346043.0
33,226,1,253,599985.686732,650232.090184,462,1588346103.0
33,225,0,253,599985.686732,650232.090184,462,1588346103.0
33,209,2,242,601559.302871,649025.904768,153,1588346103.0
33,209,2,241,601559.302871,649025.904768,153,1588346103.0
33,201,2,268,600410.273702,650778.9884489999,601,1588346103.0
33,194,2,289,600384.426337,650135.919067,439,1588346103.0
33,193,1,270,600182.323101,651253.894129,734,1588346103.0
33,188,2,280,600642.241822,649299.010702,198,1588346103.0
33,181,2,284,601444.1821689999,651442.91114,800,1588346103.0
33,181,2,283,601444.1821689999,651442.91114,800,1588346103.0
33,179,1,297,600304.9615869999,652144.200003,978,1588346103.0
33,179,1,296,600304.9615869999,652144.200003,978,1588346103.0
33,166,2,257,601428.150315,650692.507349,584,1588346103.0
33,148,2,230,600284.643085,653002.162496,1221,1588346103.0
33,131,2,234,601514.911596,650068.348954,423,1588346103.0
33,97,2,276,600417.844322,650529.417888,547,1588346103.0
33,80,0,270,600182.323101,651253.894129,734,1588346103.0
33,71,1,299,600231.532922,648808.331132,86,1588346103.0
33,71,2,273,600107.323939,648826.52988,85,1588346103.0
33,66,0,299,600231.532922,648808.331132,86,1588346103.0
33,47,1,292,601815.435938,650093.521566,426,1588346103.0
33,47,1,291,601815.435938,650093.521566,426,1588346103.0
33,25,0,297,600304.9615869999,652144.200003,978,1588346103.0
33,25,0,296,600304.9615869999,652144.200003,978,1588346103.0
33,23,2,259,600078.941324,651854.245087,895,1588346103.0
33,23,2,246,599987.8326760001,651933.067514,921,1588346103.0
33,23,2,245,599987.8326760001,651933.067514,921,1588346103.0
33,2,0,292,601815.435938,650093.521566,426,1588346103.0
33,2,0,291,601815.435938,650093.521566,426,1588346103.0
34,225,1,253,600171.327708,650254.076033,463,1588346163.0
34,209,1,242,601671.593975,650045.79238,424,1588346163.0
34,209,1,241,601671.593975,650045.79238,424,1588346163.0
34,201,1,268,601425.552067,651021.580236,692,1588346163.0
34,194,2,289,600384.426337,650135.919067,439,1588346163.0
34,188,1,280,600832.621147,649339.892629,227,1588346163.0
34,187,0,253,600171.327708,650254.076033,463,1588346163.0
34,181,2,284,601444.1821689999,651442.91114,800,1588346163.0
34,181,2,283,601444.1821689999,651442.91114,800,1588346163.0
34,170,0,242,601671.593975,650045.79238,424,1588346163.0
34,170,0,241,601671.593975,650045.79238,424,1588346163.0
34,166,2,257,601428.150315,650692.507349,584,1588346163.0
34,148,2,230,600284.643085,653002.162496,1221,1588346163.0
34,143,0,297,600169.945876,652033.558024,949,1588346163.0
34,143,0,296,600169.945876,652033.558024,949,1588346163.0
34,131,2,234,601514.911596,650068.348954,423,1588346163.0
34,97,2,276,600417.844322,650529.417888,547,1588346163.0
34,95,0,268,601425.552067,651021.580236,692,1588346163.0
34,87,0,273,599940.0104520001,649601.335628,272,1588346163.0
34,80,2,270,600182.323101,651253.894129,734,1588346163.0
34,71,1,273,599940.0104520001,649601.335628,272,1588346163.0
34,69,0,292,601976.9827520001,650184.426394,454,1588346163.0
34,69,0,291,601976.9827520001,650184.426394,454,1588346163.0
34,66,2,299,600253.635821,648960.274231,113,1588346163.0
34,65,0,280,600832.621147,649339.892629,227,1588346163.0
34,25,1,297,600169.945876,652033.558024,949,1588346163.0
34,25,1,296,600169.945876,652033.558024,949,1588346163.0
34,23,2,259,600078.941324,651854.245087,895,1588346163.0
34,23,2,246,599987.8326760001,651933.067514,921,1588346163.0
34,23,2,245,599987.8326760001,651933.067514,921,1588346163.0
34,2,1,292,601976.9827520001,650184.426394,454,1588346163.0
34,2,1,291,601976.9827520001,650184.426394,454,1588346163.0
35,194,2,289,600384.426337,650135.919067,439,1588346223.0
35,187,1,253,600334.105244,650345.996778,492,1588346223.0
35,181,2,284,601444.1821689999,651442.91114,800,1588346223.0
35,181,2,283,601444.1821689999,651442.91114,800,1588346223.0
35,170,2,242,601671.593975,650045.79238,424,1588346223.0
35,170,2,241,601671.593975,650045.79238,424,1588346223.0
35,166,2,257,601428.150315,650692.507349,584,1588346223.0
35,148,2,230,600284.643085,653002.162496,1221,1588346223.0
35,143,1,297,600030.651665,651928.3534,921,1588346223.0
35,143,1,296,600030.651665,651928.3534,921,1588346223.0
35,131,2,234,601514.911596,650068.348954,423,1588346223.0
35,97,2,276,600417.844322,650529.417888,547,1588346223.0
35,97,0,253,600334.105244,650345.996778,492,1588346223.0
35,95,2,268,601425.552067,651021.580236,692,1588346223.0
35,87,1,273,600722.831242,649476.799049,253,1588346223.0
35,80,2,270,600182.323101,651253.894129,734,1588346223.0
35,71,0,299,600236.8767060001,649112.8991810001,167,1588346223.0
35,69,2,292,601976.9827520001,650184.426394,454,1588346223.0
35,69,2,291,601976.9827520001,650184.426394,454,1588346223.0
35,66,1,299,600236.8767060001,649112.8991810001,167,1588346223.0
35,65,2,280,601027.1240899999,649330.715251,229,1588346223.0
35,65,0,273,600722.831242,649476.799049,253,1588346223.0
35,23,0,297,600030.651665,651928.3534,921,1588346223.0
35,23,0,296,600030.651665,651928.3534,921,1588346223.0
35,23,2,259,600078.941324,651854.245087,895,1588346223.0
35,23,2,246,599987.8326760001,651933.067514,921,1588346223.0
35,23,2,245,599987.8326760001,651933.067514,921,1588346223.0
36,194,2,289,600384.426337,650135.919067,439,1588346283.0
36,181,2,284,601444.1821689999,651442.91114,800,1588346283.0
36,181,2,283,601444.1821689999,651442.91114,800,1588346283.0
36,170,1,242,600901.184356,649368.113214,228,1588346283.0
36,170,1,241,600901.184356,649368.113214,228,1588346283.0
36,166,2,257,601428.150315,650692.507349,584,1588346283.0
36,148,2,230,600284.643085,653002.162496,1221,1588346283.0
36,131,2,234,601514.911596,650068.348954,423,1588346283.0
36,99,0,299,600237.437566,649266.440475,194,1588346283.0
36,97,2,276,600417.844322,650529.417888,547,1588346283.0
36,97,2,253,600518.996612,650373.585383,494,1588346283.0
36,95,2,268,601425.552067,651021.580236,692,1588346283.0
36,80,1,270,600748.977566,652054.478153,955,1588346283.0
36,71,1,299,600237.437566,649266.440475,194,1588346283.0
36,69,2,292,601976.9827520001,650184.426394,454,1588346283.0
36,69,2,291,601976.9827520001,650184.426394,454,1588346283.0
36,65,2,280,601027.1240899999,649330.715251,229,1588346283.0
36,65,2,273,600722.831242,649476.799049,253,1588346283.0
36,65,0,242,600901.184356,649368.113214,228,1588346283.0
36,65,0,241,600901.184356,649368.113214,228,1588346283.0
36,26,0,270,600748.977566,652054.478153,955,1588346283.0
36,23,2,297,600030.651665,651928.3534,921,1588346283.0
36,23,2,296,600030.651665,651928.3534,921,1588346283.0
36,23,2,259,600078.941324,651854.245087,895,1588346283.0
36,23,2,246,599987.8326760001,651933.067514,921,1588346283.0
36,23,2,245,599987.8326760001,651933.067514,921,1588346283.0
37,194,2,289,600384.426337,650135.919067,439,1588346343.0
37,181,2,284,601444.1821689999,651442.91114,800,1588346343.0
37,181,2,283,601444.1821689999,651442.91114,800,1588346343.0
37,166,2,257,601428.150315,650692.507349,584,1588346343.0
37,148,2,230,600284.643085,653002.162496,1221,1588346343.0
37,131,2,234,601514.911596,650068.348954,423,1588346343.0
37,99,2,299,600390.705258,649275.61969,196,1588346343.0
37,97,2,276,600417.844322,650529.417888,547,1588346343.0
37,97,2,253,600412.429892,650527.174066,547,1588346343.0
37,95,2,268,601425.552067,651021.580236,692,1588346343.0
37,71,0,242,600082.5562270001,648749.54388,58,1588346343.0
37,71,0,241,600082.5562270001,648749.54388,58,1588346343.0
37,69,2,292,601976.9827520001,650184.426394,454,1588346343.0
37,69,2,291,601976.9827520001,650184.426394,454,1588346343.0
37,65,2,280,601027.1240899999,649330.715251,229,1588346343.0
37,65,2,273,600722.831242,649476.799049,253,1588346343.0
37,65,1,242,600082.5562270001,648749.54388,58,1588346343.0
37,65,1,241,600082.5562270001,648749.54388,58,1588346343.0
37,26,2,270,600748.977566,652054.478153,955,1588346343.0
37,23,2,297,600030.651665,651928.3534,921,1588346343.0
37,23,2,296,600030.651665,651928.3534,921,1588346343.0
37,23,2,259,600078.941324,651854.245087,895,1588346343.0
37,23,2,246,599987.8326760001,651933.067514,921,1588346343.0
37,23,2,245,599987.8326760001,651933.067514,921,1588346343.0
38,200,0,270,600036.768038,651380.0972140001,759,1588346403.0
38,194,2,289,600384.426337,650135.919067,439,1588346403.0
38,188,0,299,600542.002939,649301.777959,197,1588346403.0
38,181,2,284,601444.1821689999,651442.91114,800,1588346403.0
38,181,2,283,601444.1821689999,651442.91114,800,1588346403.0
38,166,2,257,601428.150315,650692.507349,584,1588346403.0
38,148,2,230,600284.643085,653002.162496,1221,1588346403.0
38,131,2,234,601514.911596,650068.348954,423,1588346403.0
38,103,0,253,600225.931191,650539.987491,545,1588346403.0
38,99,1,299,600542.002939,649301.777959,197,1588346403.0
38,97,2,276,600417.844322,650529.417888,547,1588346403.0
38,97,1,253,600225.931191,650539.987491,545,1588346403.0
38,95,2,268,601425.552067,651021.580236,692,1588346403.0
38,71,2,242,600082.5562270001,648749.54388,58,1588346403.0
38,71,2,241,600082.5562270001,648749.54388,58,1588346403.0
38,69,2,292,601976.9827520001,650184.426394,454,1588346403.0
38,69,2,291,601976.9827520001,650184.426394,454,1588346403.0
38,65,2,280,601027.1240899999,649330.715251,229,1588346403.0
38,65,2,273,600722.831242,649476.799049,253,1588346403.0
38,26,1,270,600036.768038,651380.0972140001,759,1588346403.0
38,23,2,297,600030.651665,651928.3534,921,1588346403.0
38,23,2,296,600030.651665,651928.3534,921,1588346403.0
38,23,2,259,600078.941324,651854.245087,895,1588346403.0
38,23,2,246,599987.8326760001,651933.067514,921,1588346403.0
38,23,2,245,599987.8326760001,651933.067514,921,1588346403.0
39,200,2,270,600036.768038,651380.0972140001,759,1588346463.0
39,194,2,289,600384.426337,650135.919067,439,1588346463.0
39,188,2,299,600695.2881560001,649310.659722,226,1588346463.0
39,181,2,284,601444.1821689999,651442.91114,800,1588346463.0
39,181,2,283,601444.1821689999,651442.91114,800,1588346463.0
39,166,2,257,601428.150315,650692.507349,584,1588346463.0
39,148,1,230,601126.877516,653538.780584,1364,1588346463.0
39,141,0,230,601126.877516,653538.780584,1364,1588346463.0
39,131,2,234,601514.911596,650068.348954,423,1588346463.0
39,103,2,253,600225.931191,650539.987491,545,1588346463.0
39,97,2,276,600417.844322,650529.417888,547,1588346463.0
39,95,2,268,601425.552067,651021.580236,692,1588346463.0
39,71,2,242,600082.5562270001,648749.54388,58,1588346463.0
39,71,2,241,600082.5562270001,648749.54388,58,1588346463.0
39,69,2,292,601976.9827520001,650184.426394,454,1588346463.0
39,69,2,291,601976.9827520001,650184.426394,454,1588346463.0
39,65,2,280,601027.1240899999,649330.715251,229,1588346463.0
39,65,2,273,600722.831242,649476.799049,253,1588346463.0
39,23,2,297,600030.651665,651928.3534,921,1588346463.0
39,23,2,296,600030.651665,651928.3534,921,1588346463.0
39,23,2,259,600078.941324,651854.245087,895,1588346463.0
39,23,2,246,599987.8326760001,651933.067514,921,1588346463.0
39,23,2,245,599987.8326760001,651933.067514,921,1588346463.0
40,200,1,270,601014.735105,651455.013695,796,1588346523.0
40,194,2,289,600384.426337,650135.919067,439,1588346523.0
40,188,1,299,600818.11716,649402.79158,254,1588346523.0
40,181,1,284,601584.910863,651599.546477,829,1588346523.0
40,181,1,283,601584.910863,651599.546477,829,1588346523.0
40,166,2,257,601428.150315,650692.507349,584,1588346523.0
40,141,2,230,601126.877516,653538.780584,1364,1588346523.0
40,131,2,234,601514.911596,650068.348954,423,1588346523.0
40,103,2,253,600225.931191,650539.987491,545,1588346523.0
40,97,2,276,600417.844322,650529.417888,547,1588346523.0
40,95,2,268,601425.552067,651021.580236,692,1588346523.0
40,83,0,270,601014.735105,651455.013695,796,1588346523.0
40,71,2,242,600082.5562270001,648749.54388,58,1588346523.0
40,71,2,241,600082.5562270001,648749.54388,58,1588346523.0
40,69,2,292,601976.9827520001,650184.426394,454,1588346523.0
40,69,2,291,601976.9827520001,650184.426394,454,1588346523.0
40,65,0,299,600818.11716,649402.79158,254,1588346523.0
40,65,2,280,601027.1240899999,649330.715251,229,1588346523.0
40,65,2,273,600722.831242,649476.799049,253,1588346523.0
40,30,0,284,601584.910863,651599.546477,829,1588346523.0
40,30,0,283,601584.910863,651599.546477,829,1588346523.0
40,23,2,297,600030.651665,651928.3534,921,1588346523.0
40,23,2,296,600030.651665,651928.3534,921,1588346523.0
40,23,2,259,600078.941324,651854.245087,895,1588346523.0
40,23,2,246,599987.8326760001,651933.067514,921,1588346523.0
40,23,2,245,599987.8326760001,651933.067514,921,1588346523.0
41,194,2,289,600384.426337,650135.919067,439,1588346583.0
41,166,1,257,601317.044336,650546.789429,556,1588346583.0
41,141,1,230,600448.807269,652805.61038,1168,1588346583.0
41,131,2,234,601514.911596,650068.348954,423,1588346583.0
41,103,2,253,600225.931191,650539.987491,545,1588346583.0
41,97,2,276,600417.844322,650529.417888,547,1588346583.0
41,95,2,268,601425.552067,651021.580236,692,1588346583.0
41,84,0,284,601438.125247,651750.5205710001,881,1588346583.0
41,84,0,283,601438.125247,651750.5205710001,881,1588346583.0
41,83,2,270,601014.735105,651455.013695,796,1588346583.0
41,71,2,242,600082.5562270001,648749.54388,58,1588346583.0
41,71,2,241,600082.5562270001,648749.54388,58,1588346583.0
41,69,2,292,601976.9827520001,650184.426394,454,1588346583.0
41,69,2,291,601976.9827520001,650184.426394,454,1588346583.0
41,65,2,299,600968.2116180001,649370.435793,228,1588346583.0
41,65,2,280,601027.1240899999,649330.715251,229,1588346583.0
41,65,2,273,600722.831242,649476.799049,253,1588346583.0
41,58,0,257,601317.044336,650546.789429,556,1588346583.0
41,30,1,284,601438.125247,651750.5205710001,881,1588346583.0
41,30,1,283,601438.125247,651750.5205710001,881,1588346583.0
41,24,0,230,600448.807269,652805.61038,1168,1588346583.0
41,23,2,297,600030.651665,651928.3534,921,1588346583.0
41,23,2,296,600030.651665,651928.3534,921,1588346583.0
41,23,2,259,600078.941324,651854.245087,895,1588346583.0
41,23,2,246,599987.8326760001,651933.067514,921,1588346583.0
41,23,2,245,599987.8326760001,651933.067514,921,1588346583.0
42,201,0,270,600466.5444220001,650641.675489,574,1588346643.0
42,194,2,289,600384.426337,650135.919067,439,1588346643.0
42,169,0,292,601792.9283510001,650162.402805,453,1588346643.0
42,169,0,291,601792.9283510001,650162.402805,453,1588346643.0
42,131,2,234,601514.911596,650068.348954,423,1588346643.0
42,103,2,253,600225.931191,650539.987491,545,1588346643.0
42,97,2,276,600417.844322,650529.417888,547,1588346643.0
42,95,2,268,601425.552067,651021.580236,692,1588346643.0
42,84,2,284,601438.125247,651750.5205710001,881,1588346643.0
42,84,2,283,601438.125247,651750.5205710001,881,1588346643.0
42,83,1,270,600466.5444220001,650641.675489,574,1588346643.0
42,71,2,242,600082.5562270001,648749.54388,58,1588346643.0
42,71,2,241,600082.5562270001,648749.54388,58,1588346643.0
42,69,1,292,601792.9283510001,650162.402805,453,1588346643.0
42,69,1,291,601792.9283510001,650162.402805,453,1588346643.0
42,65,2,299,601090.901323,649462.75307,257,1588346643.0
42,65,2,280,601027.1240899999,649330.715251,229,1588346643.0
42,65,2,273,600722.831242,649476.799049,253,1588346643.0
42,58,2,257,601189.5300029999,650415.190242,528,1588346643.0
42,24,2,230,600448.807269,652805.61038,1168,1588346643.0
42,23,2,297,600030.651665,651928.3534,921,1588346643.0
42,23,2,296,600030.651665,651928.3534,921,1588346643.0
42,23,2,259,600078.941324,651854.245087,895,1588346643.0
42,23,2,246,599987.8326760001,651933.067514,921,1588346643.0
42,23,2,245,599987.8326760001,651933.067514,921,1588346643.0
43,202,0,270,599761.92782,649959.365071,378,1588346703.0
43,201,1,270,599761.92782,649959.365071,378,1588346703.0
43,194,2,289,600384.426337,650135.919067,439,1588346703.0
43,169,1,292,601976.283776,650135.165896,454,1588346703.0
43,169,1,291,601976.283776,650135.165896,454,1588346703.0
43,157,0,284,601290.4317229999,651600.434538,826,1588346703.0
43,157,0,283,601290.4317229999,651600.434538,826,1588346703.0
43,131,2,234,601514.911596,650068.348954,423,1588346703.0
43,126,0,257,601079.886094,650268.3690439999,473,1588346703.0
43,103,2,253,600225.931191,650539.987491,545,1588346703.0
43,97,2,276,600417.844322,650529.417888,547,1588346703.0
43,95,2,268,601425.552067,651021.580236,692,1588346703.0
43,93,0,242,601082.441843,648979.780257,122,1588346703.0
43,93,0,241,601082.441843,648979.780257,122,1588346703.0
43,84,1,284,601290.4317229999,651600.434538,826,1588346703.0
43,84,1,283,601290.4317229999,651600.434538,826,1588346703.0
43,71,1,242,601082.441843,648979.780257,122,1588346703.0
43,71,1,241,601082.441843,648979.780257,122,1588346703.0
43,69,0,292,601976.283776,650135.165896,454,1588346703.0
43,69,0,291,601976.283776,650135.165896,454,1588346703.0
43,65,2,299,601046.446003,649609.718944,310,1588346703.0
43,65,2,280,601027.1240899999,649330.715251,229,1588346703.0
43,65,2,273,600722.831242,649476.799049,253,1588346703.0
43,58,1,257,601079.886094,650268.3690439999,473,1588346703.0
43,24,2,230,600448.807269,652805.61038,1168,1588346703.0
43,23,2,297,600030.651665,651928.3534,921,1588346703.0
43,23,2,296,600030.651665,651928.3534,921,1588346703.0
43,23,2,259,600078.941324,651854.245087,895,1588346703.0
43,23,2,246,599987.8326760001,651933.067514,921,1588346703.0
43,23,2,245,599987.8326760001,651933.067514,921,1588346703.0
44,202,2,270,599761.92782,649959.365071,378,1588346763.0
44,194,2,289,600384.426337,650135.919067,439,1588346763.0
44,157,1,284,601161.554204,651433.9119279999,797,1588346763.0
44,157,1,283,601161.554204,651433.9119279999,797,1588346763.0
44,131,2,234,601514.911596,650068.348954,423,1588346763.0
44,126,1,257,600932.4705180001,650159.525584,444,1588346763.0
44,125,0,284,601161.554204,651433.9119279999,797,1588346763.0
44,125,0,283,601161.554204,651433.9119279999,797,1588346763.0
44,118,0,273,601483.5602,649699.530283,315,1588346763.0
44,103,2,253,600225.931191,650539.987491,545,1588346763.0
44,97,2,276,600417.844322,650529.417888,547,1588346763.0
44,95,2,268,601425.552067,651021.580236,692,1588346763.0
44,93,1,242,600996.491407,650002.224659,418,1588346763.0
44,93,1,241,600996.491407,650002.224659,418,1588346763.0
44,69,2,292,601976.283776,650135.165896,454,1588346763.0
44,69,2,291,601976.283776,650135.165896,454,1588346763.0
44,65,1,299,601009.989958,649758.870545,337,1588346763.0
44,65,2,280,601027.1240899999,649330.715251,229,1588346763.0
44,65,1,273,601483.5602,649699.530283,315,1588346763.0
44,64,0,299,601009.989958,649758.870545,337,1588346763.0
44,24,2,230,600448.807269,652805.61038,1168,1588346763.0
44,23,2,297,600030.651665,651928.3534,921,1588346763.0
44,23,2,296,600030.651665,651928.3534,921,1588346763.0
44,23,2,259,600078.941324,651854.245087,895,1588346763.0
44,23,2,246,599987.8326760001,651933.067514,921,1588346763.0
44,23,2,245,599987.8326760001,651933.067514,921,1588346763.0
44,9,0,242,600996.491407,650002.224659,418,1588346763.0
44,9,0,241,600996.491407,650002.224659,418,1588346763.0
44,8,0,257,600932.4705180001,650159.525584,444,1588346763.0
45,202,2,270,599761.92782,649959.365071,378,1588346823.0
45,194,2,289,600384.426337,650135.919067,439,1588346823.0
45,160,0,273,601820.273318,650417.124894,534,1588346823.0
45,136,0,280,601187.966557,649440.466425,258,1588346823.0
45,131,2,234,601514.911596,650068.348954,423,1588346823.0
45,125,1,284,601035.620542,651265.1520189999,742,1588346823.0
45,125,1,283,601035.620542,651265.1520189999,742,1588346823.0
45,118,1,273,601820.273318,650417.124894,534,1588346823.0
45,103,2,253,600225.931191,650539.987491,545,1588346823.0
45,98,0,257,600785.796339,650049.6850810001,416,1588346823.0
45,97,2,276,600417.844322,650529.417888,547,1588346823.0
45,95,2,268,601425.552067,651021.580236,692,1588346823.0
45,95,0,242,601447.052839,650924.056764,665,1588346823.0
45,95,0,241,601447.052839,650924.056764,665,1588346823.0
45,90,0,284,601035.620542,651265.1520189999,742,1588346823.0
45,90,0,283,601035.620542,651265.1520189999,742,1588346823.0
45,69,2,292,601976.283776,650135.165896,454,1588346823.0
45,69,2,291,601976.283776,650135.165896,454,1588346823.0
45,65,1,280,601187.966557,649440.466425,258,1588346823.0
45,64,2,299,600872.712269,649690.094972,308,1588346823.0
45,24,2,230,600448.807269,652805.61038,1168,1588346823.0
45,23,2,297,600030.651665,651928.3534,921,1588346823.0
45,23,2,296,600030.651665,651928.3534,921,1588346823.0
45,23,2,259,600078.941324,651854.245087,895,1588346823.0
45,23,2,246,599987.8326760001,651933.067514,921,1588346823.0
45,23,2,245,599987.8326760001,651933.067514,921,1588346823.0
45,9,1,242,601447.052839,650924.056764,665,1588346823.0
45,9,1,241,601447.052839,650924.056764,665,1588346823.0
45,8,1,257,600785.796339,650049.6850810001,416,1588346823.0
46,202,2,270,599761.92782,649959.365071,378,1588346883.0
46,194,2,289,600384.426337,650135.919067,439,1588346883.0
46,160,2,273,601820.273318,650417.124894,534,1588346883.0
46,139,0,242,601294.235493,651938.6635319999,934,1588346883.0
46,139,0,241,601294.235493,651938.6635319999,934,1588346883.0
46,136,1,280,601374.577343,649496.072482,259,1588346883.0
46,131,2,234,601514.911596,650068.348954,423,1588346883.0
46,103,1,253,600407.9880680001,650582.428545,547,1588346883.0
46,98,1,257,600664.6008560001,649912.244527,387,1588346883.0
46,97,2,276,600417.844322,650529.417888,547,1588346883.0
46,97,0,253,600407.9880680001,650582.428545,547,1588346883.0
46,95,2,268,601425.552067,651021.580236,692,1588346883.0
46,95,1,242,601294.235493,651938.6635319999,934,1588346883.0
46,95,1,241,601294.235493,651938.6635319999,934,1588346883.0
46,91,0,257,600664.6008560001,649912.244527,387,1588346883.0
46,90,1,284,600878.482666,651124.984682,714,1588346883.0
46,90,1,283,600878.482666,651124.984682,714,1588346883.0
46,81,0,280,601374.577343,649496.072482,259,1588346883.0
46,69,2,292,601976.283776,650135.165896,454,1588346883.0
46,69,2,291,601976.283776,650135.165896,454,1588346883.0
46,64,2,299,600872.712269,649690.094972,308,1588346883.0
46,32,0,284,600878.482666,651124.984682,714,1588346883.0
46,32,0,283,600878.482666,651124.984682,714,1588346883.0
46,24,2,230,600448.807269,652805.61038,1168,1588346883.0
46,23,2,297,600030.651665,651928.3534,921,1588346883.0
46,23,2,296,600030.651665,651928.3534,921,1588346883.0
46,23,2,259,600078.941324,651854.245087,895,1588346883.0
46,23,2,246,599987.8326760001,651933.067514,921,1588346883.0
46,23,2,245,599987.8326760001,651933.067514,921,1588346883.0
47,202,2,270,599761.92782,649959.365071,378,1588346943.0
47,201,0,253,600502.664411,650743.6189270001,602,1588346943.0
47,198,0,273,601190.3190659999,649936.0060010001,393,1588346943.0
47,194,2,289,600384.426337,650135.919067,439,1588346943.0
47,160,1,273,601190.3190659999,649936.0060010001,393,1588346943.0
47,139,2,242,601294.235493,651938.6635319999,934,1588346943.0
47,139,2,241,601294.235493,651938.6635319999,934,1588346943.0
47,136,0,280,601194.2985810001,649422.484527,258,1588346943.0
47,131,2,234,601514.911596,650068.348954,423,1588346943.0
47,97,2,276,600417.844322,650529.417888,547,1588346943.0
47,97,1,253,600502.664411,650743.6189270001,602,1588346943.0
47,95,2,268,601425.552067,651021.580236,692,1588346943.0
47,92,0,284,600740.0996310001,650966.2732149999,658,1588346943.0
47,92,0,283,600740.0996310001,650966.2732149999,658,1588346943.0
47,91,2,257,600537.187988,649780.547101,332,1588346943.0
47,81,1,280,601194.2985810001,649422.484527,258,1588346943.0
47,69,2,292,601976.283776,650135.165896,454,1588346943.0
47,69,2,291,601976.283776,650135.165896,454,1588346943.0
47,64,2,299,600872.712269,649690.094972,308,1588346943.0
47,32,1,284,600740.0996310001,650966.2732149999,658,1588346943.0
47,32,1,283,600740.0996310001,650966.2732149999,658,1588346943.0
47,24,2,230,600448.807269,652805.61038,1168,1588346943.0
47,23,2,297,600030.651665,651928.3534,921,1588346943.0
47,23,2,296,600030.651665,651928.3534,921,1588346943.0
47,23,2,259,600078.941324,651854.245087,895,1588346943.0
47,23,2,246,599987.8326760001,651933.067514,921,1588346943.0
47,23,2,245,599987.8326760001,651933.067514,921,1588346943.0
48,202,2,270,599761.92782,649959.365071,378,1588347003.0
48,201,2,253,600502.664411,650743.6189270001,602,1588347003.0
48,198,1,273,600623.1114470001,649382.297353,225,1588347003.0
48,194,2,289,600384.426337,650135.919067,439,1588347003.0
48,188,0,273,600623.1114470001,649382.297353,225,1588347003.0
48,143,0,246,600005.730261,652093.23084,948,1588347003.0
48,143,0,245,600005.730261,652093.23084,948,1588347003.0
48,139,1,242,600531.701836,651252.13425,737,1588347003.0
48,139,1,241,600531.701836,651252.13425,737,1588347003.0
48,136,2,280,601194.2985810001,649422.484527,258,1588347003.0
48,131,2,234,601514.911596,650068.348954,423,1588347003.0
48,115,0,284,600614.140015,650797.532676,603,1588347003.0
48,115,0,283,600614.140015,650797.532676,603,1588347003.0
48,97,2,276,600417.844322,650529.417888,547,1588347003.0
48,95,2,268,601425.552067,651021.580236,692,1588347003.0
48,92,1,284,600614.140015,650797.532676,603,1588347003.0
48,92,1,283,600614.140015,650797.532676,603,1588347003.0
48,91,1,257,600408.423071,649650.171309,304,1588347003.0
48,82,0,257,600408.423071,649650.171309,304,1588347003.0
48,79,0,242,600531.701836,651252.13425,737,1588347003.0
48,79,0,241,600531.701836,651252.13425,737,1588347003.0
48,69,2,292,601976.283776,650135.165896,454,1588347003.0
48,69,2,291,601976.283776,650135.165896,454,1588347003.0
48,64,2,299,600872.712269,649690.094972,308,1588347003.0
48,24,2,230,600448.807269,652805.61038,1168,1588347003.0
48,23,2,297,600030.651665,651928.3534,921,1588347003.0
48,23,2,296,600030.651665,651928.3534,921,1588347003.0
48,23,2,259,600078.941324,651854.245087,895,1588347003.0
48,23,1,246,600005.730261,652093.23084,948,1588347003.0
48,23,1,245,600005.730261,652093.23084,948,1588347003.0
49,202,1,270,600709.8049560001,650211.478136,469,1588347063.0
49,201,0,284,600463.509336,650650.39467,574,1588347063.0
49,201,0,283,600463.509336,650650.39467,574,1588347063.0
49,201,2,253,600502.664411,650743.6189270001,602,1588347063.0
49,194,2,289,600384.426337,650135.919067,439,1588347063.0
49,190,0,242,599813.800495,650519.0601069999,541,1588347063.0
49,190,0,241,599813.800495,650519.0601069999,541,1588347063.0
49,188,1,273,600005.273553,648885.714946,84,1588347063.0
49,143,2,246,600005.730261,652093.23084,948,1588347063.0
49,143,2,245,600005.730261,652093.23084,948,1588347063.0
49,136,2,280,601194.2985810001,649422.484527,258,1588347063.0
49,131,2,234,601514.911596,650068.348954,423,1588347063.0
49,129,0,270,600709.8049560001,650211.478136,469,1588347063.0
49,115,1,284,600463.509336,650650.39467,574,1588347063.0
49,115,1,283,600463.509336,650650.39467,574,1588347063.0
49,97,2,276,600284.704999,650411.381494,519,1588347063.0
49,95,2,268,601425.552067,651021.580236,692,1588347063.0
49,82,2,257,600276.674052,649522.81179,275,1588347063.0
49,79,1,242,599813.800495,650519.0601069999,541,1588347063.0
49,79,1,241,599813.800495,650519.0601069999,541,1588347063.0
49,69,2,292,601976.283776,650135.165896,454,1588347063.0
49,69,2,291,601976.283776,650135.165896,454,1588347063.0
49,64,2,299,600872.712269,649690.094972,308,1588347063.0
49,45,0,273,600005.273553,648885.714946,84,1588347063.0
49,24,2,230,600448.807269,652805.61038,1168,1588347063.0
49,23,2,297,600030.651665,651928.3534,921,1588347063.0
49,23,2,296,600030.651665,651928.3534,921,1588347063.0
49,23,2,259,600078.941324,651854.245087,895,1588347063.0
