t;Person ID;x;y
0;300;600619.720297;648855.895507
0;298;600431.357885;648956.498195
0;295;600995.281445;652785.571876
0;294;600144.698023;651260.892388
0;293;599946.186746;650383.760602
0;290;600509.614350;651407.658028
0;288;600384.426337;650135.919067
0;287;600534.452067;652318.585027
0;286;599834.879343;649446.266897
0;285;599840.872041;649051.369553
0;282;602103.592967;649742.183146
0;281;601111.360616;650890.741187
0;279;599917.314726;648764.937245
0;278;600884.307709;653481.263707
0;277;600113.926266;651306.169307
0;275;601136.553094;649742.965420
0;274;600609.883491;651302.516852
0;272;600216.462154;649458.409534
0;271;600300.974162;653293.978776
0;269;600008.765087;650833.277593
0;267;600564.455101;652729.315347
0;266;599995.533285;649789.257105
0;265;600972.708092;652690.563873
0;264;601095.766019;651503.210319
0;263;600438.542616;648905.010133
0;262;600368.069027;650413.730360
0;261;601791.230451;651107.411356
0;260;600656.242508;649459.352680
0;258;600203.078702;651730.080000
0;256;600901.554282;651774.870814
0;255;601027.839567;652554.729750
0;254;600977.981785;648905.535809
0;252;600714.924071;649097.225440
0;251;599772.198240;649864.249419
0;250;600294.947433;650121.963221
0;249;600118.041593;651933.525784
0;248;600263.976780;650584.038938
0;247;601342.743010;650037.770401
0;244;600110.959703;651829.085065
0;243;600502.744926;652563.861453
0;240;601462.694847;648964.107958
0;239;599837.074800;650682.845902
0;238;600283.514429;648629.371179
0;237;601308.475114;650437.954601
0;236;599991.829590;651605.594520
0;235;600522.560903;649416.832546
0;233;601514.911596;650068.348954
0;232;599960.914550;649489.863505
0;231;601987.409040;649724.380298
0;229;601129.055069;653193.950076
1;300;599896.737463;649423.601401
1;298;600319.176858;649061.334547
1;295;600855.708095;652890.405888
1;294;600144.698023;651260.892388
1;293;599798.918845;650536.809790
1;290;600364.633387;651523.163791
1;288;600384.426337;650135.919067
1;287;600534.452067;652318.585027
1;286;599742.704377;649581.365390
1;285;599840.872041;649051.369553
1;282;601958.740413;649895.012895
1;281;600511.894956;651665.505144
1;279;599771.940531;648894.482459
1;278;600884.307709;653481.263707
1;277;600113.926266;651306.169307
1;275;601026.924381;649883.108971
1;274;600043.607742;652006.183093
1;272;599767.764248;650111.852675
1;271;600300.974162;653293.978776
1;269;600008.765087;650833.277593
1;267;600564.455101;652729.315347
1;266;599995.533285;649789.257105
1;265;600854.956152;652874.260060
1;264;600524.662379;652395.045922
1;263;599771.224912;649558.639780
1;262;600213.445234;650543.825107
1;261;601125.665005;651945.414866
1;260;600518.261239;649563.815948
1;258;600078.941324;651854.245087
1;256;600780.251541;651912.216713
1;255;601027.839567;652554.729750
1;254;600856.681611;649051.970104
1;252;600598.953909;649243.843553
1;251;599772.198240;649864.249419
1;250;600294.947433;650121.963221
1;249;600118.041593;651933.525784
1;248;600128.090403;650733.950984
1;247;600480.735969;650744.728896
1;244;599987.832676;651933.067514
1;243;600350.714820;652702.881506
1;240;600736.867391;649689.335190
1;239;599837.074800;650682.845902
1;238;600283.514429;648629.371179
1;237;600447.223996;651149.277552
1;236;599991.829590;651605.594520
1;235;599856.316193;649903.836766
1;233;601514.911596;650068.348954
1;232;599960.914550;649489.863505
1;231;601872.855110;649862.773109
1;229;601129.055069;653193.950076
2;300;599896.737463;649423.601401
2;298;600200.989607;649159.349940
2;295;600752.336562;653031.065819
2;294;601238.729632;651370.889057
2;293;599798.918845;650536.809790
2;290;600240.900504;651661.190001
2;288;600384.426337;650135.919067
2;287;600534.452067;652318.585027
2;286;599742.704377;649581.365390
2;285;599829.404915;648829.601333
2;282;601786.220382;650015.744138
2;281;600511.894956;651665.505144
2;279;599771.940531;648894.482459
2;278;601223.974746;652379.058548
2;277;600693.487212;650367.972153
2;275;601026.924381;649883.108971
2;274;600043.607742;652006.183093
2;272;599767.764248;650111.852675
2;271;600437.247097;653427.627064
2;269;600843.233523;651348.733208
2;267;600249.086878;651734.235542
2;266;601064.046893;649864.480407
2;265;600679.464210;653003.922650
2;264;600524.662379;652395.045922
2;263;599771.224912;649558.639780
2;262;600072.555986;650688.681523
2;261;600382.107612;652715.057413
2;260;600413.208323;649701.348815
2;258;600078.941324;651854.245087
2;256;600658.073690;652048.784732
2;255;601027.839567;652554.729750
2;254;600728.059264;649192.016620
2;252;600464.137508;649373.344469
2;251;599772.198240;649864.249419
2;250;600739.238871;649376.471531
2;249;600585.428412;652871.037887
2;248;599983.405572;650875.390118
2;247;600480.735969;650744.728896
2;244;599987.832676;651933.067514
2;243;600202.069316;652845.514751
2;240;600008.586770;650412.098893
2;239;600029.650354;650647.299448
2;238;600283.514429;648629.371179
2;237;600447.223996;651149.277552
2;236;600114.725614;652496.060253
2;235;599856.316193;649903.836766
2;233;601514.911596;650068.348954
2;232;600028.886450;648578.742008
2;231;601732.873640;649975.380220
2;229;601129.055069;653193.950076
3;300;599805.702091;650338.318144
3;298;600098.666177;649273.827706
3;295;600632.185614;653157.693777
3;294;601334.504409;650275.520800
3;293;600007.769011;650498.164005
3;290;600096.094826;651776.915437
3;288;600384.426337;650135.919067
3;287;600534.452067;652318.585027
3;286;599721.932095;649419.142274
3;285;599925.892507;649029.608290
3;282;601625.469723;650151.753035
3;281;601481.756130;651527.709758
3;279;599966.130508;648880.134212
3;278;601223.974746;652379.058548
3;277;601482.036960;651138.876871
3;275;601026.924381;649883.108971
3;274;600037.400263;651102.979977
3;272;600292.794358;650705.705462
3;271;600478.740094;653241.319499
3;269;600657.792821;650385.590535
3;267;601071.987545;651091.993044
3;266;600721.541518;650879.404022
3;265;600539.443171;653171.266360
3;264;600242.248698;653415.718555
3;263;600190.108587;648723.725952
3;262;599950.570582;650849.780008
3;261;600382.107612;652715.057413
3;260;600276.746362;649807.789117
3;258;600078.941324;651854.245087
3;256;600520.550439;652169.886369
3;255;601027.839567;652554.729750
3;254;600619.815947;649348.349979
3;252;600334.801717;649508.319291
3;251;599772.198240;649864.249419
3;250;600739.238871;649376.471531
3;249;600585.428412;652871.037887
3;248;599983.405572;650875.390118
3;247;601311.232808;650001.007542
3;244;599987.832676;651933.067514
3;243;600202.069316;652845.514751
3;240;600008.586770;650412.098893
3;239;600205.437806;650560.999587
3;238;600283.514429;648629.371179
3;237;600447.223996;651149.277552
3;236;600553.186767;651711.340895
3;235;600625.880327;649605.799574
3;233;601514.911596;650068.348954
3;232;600028.886450;648578.742008
3;231;601607.333938;650103.890750
3;229;601129.055069;653193.950076
4;300;599805.702091;650338.318144
4;298;599999.643143;649391.171996
4;295;600493.007166;653263.051499
4;294;601334.504409;650275.520800
4;293;600158.848185;650348.875788
4;290;599952.166551;651893.730302
4;288;600384.426337;650135.919067
4;287;600925.100339;653323.548060
4;286;599825.332580;649545.855204
4;285;599885.976396;649248.055863
4;282;601474.697887;650298.746395
4;281;601734.436614;650581.258048
4;279;600159.609128;648858.187850
4;278;600332.316045;653110.614881
4;277;601482.036960;651138.876871
4;275;601026.924381;649883.108971
4;274;600143.941501;650206.061159
4;272;600195.744990;649919.004013
4;271;600416.128243;653061.008840
4;269;601457.314435;649817.438046
4;267;601159.144747;650051.779337
4;266;601427.567027;650073.855850
4;265;600385.991404;653326.386841
4;264;600242.248698;653415.718555
4;263;600190.108587;648723.725952
4;262;599950.570582;650849.780008
4;261;600534.768986;651655.849335
4;260;600158.562293;649934.216687
4;258;600078.941324;651854.245087
4;256;600377.137792;652283.952418
4;255;601027.839567;652554.729750
4;254;600477.755845;649474.744846
4;252;600216.834070;649653.335096
4;251;599772.198240;649864.249419
4;250;600739.238871;649376.471531
4;249;600585.428412;652871.037887
4;248;600168.990620;650955.993586
4;247;602153.113220;649270.197155
4;244;599987.832676;651933.067514
4;243;600367.461806;652722.693529
4;240;600131.509695;651430.759772
4;239;600369.836770;650667.403887
4;238;600283.514429;648629.371179
4;237;600447.223996;651149.277552
4;236;600253.496420;652558.818535
4;235;600841.392739;648809.175746
4;233;601514.911596;650068.348954
4;232;600028.886450;648578.742008
4;231;601607.333938;650103.890750
4;229;601162.302202;652195.845655
5;300;599805.702091;650338.318144
5;298;599903.437672;649510.837157
5;295;600373.529431;653390.314852
5;294;601334.504409;650275.520800
5;293;600061.810989;650537.808769
5;290;599952.166551;651893.730302
5;288;600384.426337;650135.919067
5;287;601286.207313;652307.596032
5;286;599951.873486;649442.244267
5;285;600071.110822;649370.684908
5;282;601326.463487;650448.298249
5;281;601772.365239;649602.391517
5;279;600255.040228;649027.918590
5;278;600332.316045;653110.614881
5;277;600615.866617;651821.411652
5;275;601026.924381;649883.108971
5;274;600211.870081;649305.394679
5;272;600195.744990;649919.004013
5;271;600605.151763;653087.509526
5;269;601457.314435;649817.438046
5;267;601159.144747;650051.779337
5;266;601427.567027;650073.855850
5;265;600231.814298;653480.786416
5;264;600242.248698;653415.718555
5;263;600190.108587;648723.725952
5;262;599950.570582;650849.780008
5;261;601331.408864;650941.292025
5;260;600040.579142;650060.831777
5;258;600078.941324;651854.245087
5;256;600242.429502;652408.177728
5;255;601027.839567;652554.729750
5;254;600351.590288;649617.008640
5;252;600091.015093;649791.594036
5;251;599772.198240;649864.249419
5;250;600739.238871;649376.471531
5;249;600681.978047;651827.937916
5;248;600334.499377;651072.379067
5;247;602153.113220;649270.197155
5;244;599987.832676;651933.067514
5;243;600568.943793;652679.743126
5;240;601153.166180;651525.617877
5;239;600414.717716;650476.787531
5;238;600283.514429;648629.371179
5;237;600447.223996;651149.277552
5;236;600114.350250;651670.747030
5;235;600841.392739;648809.175746
5;233;601514.911596;650068.348954
5;232;600028.886450;648578.742008
5;231;601607.333938;650103.890750
5;229;600660.717662;651332.288618
6;300;600681.358548;650617.996401
6;298;599799.318152;649623.683818
6;295;600252.471518;653516.076022
6;294;601334.504409;650275.520800
6;293;600169.099672;650354.502939
6;290;599970.876550;651709.309596
6;288;600384.426337;650135.919067
6;287;601286.207313;652307.596032
6;286;600115.013206;649430.700502
6;285;600158.373802;649574.885325
6;282;601197.974211;650615.120610
6;281;601772.365239;649602.391517
6;279;600255.040228;649027.918590
6;278;601224.249123;652379.393101
6;277;600615.866617;651821.411652
6;275;601026.924381;649883.108971
6;274;600211.870081;649305.394679
6;272;600195.744990;649919.004013
6;271;600642.975085;652900.422450
6;269;600831.599683;650572.761229
6;267;600410.273702;650778.988449
6;266;601427.567027;650073.855850
6;265;600231.814298;653480.786416
6;264;600242.248698;653415.718555
6;263;600190.108587;648723.725952
6;262;599950.570582;650849.780008
6;261;601220.059211;649876.947860
6;260;599920.772057;650185.722398
6;258;600078.941324;651854.245087
6;256;600141.005250;652560.792839
6;255;601027.839567;652554.729750
6;254;600216.568173;649750.895768
6;252;600091.015093;649791.594036
6;251;599936.569158;649812.937369
6;250;600739.238871;649376.471531
6;249;600681.978047;651827.937916
6;248;600454.957181;650909.810170
6;247;601229.501637;649894.527271
6;244;599987.832676;651933.067514
6;243;600693.397594;652515.575591
6;240;601153.166180;651525.617877
6;239;600377.298506;650284.567092
6;238;600283.514429;648629.371179
6;237;600447.223996;651149.277552
6;236;600269.441725;650785.320981
6;235;600283.066077;649416.898102
6;233;601514.911596;650068.348954
6;232;600028.886450;648578.742008
6;231;601607.333938;650103.890750
6;229;600971.571311;652281.334357
7;300;601594.306428;650510.663608
7;298;599799.318152;649623.683818
7;295;600252.471518;653516.076022
7;294;601334.504409;650275.520800
7;293;600381.495263;650354.538096
7;290;600014.747555;651529.208524
7;288;600384.426337;650135.919067
7;287;600485.134522;653029.287901
7;286;600272.983130;649388.352775
7;285;600315.188005;649417.653192
7;282;601056.522961;650771.103744
7;281;601772.365239;649602.391517
7;279;600255.040228;649027.918590
7;278;601045.137968;651240.029637
7;277;600688.353147;650721.025133
7;275;601026.924381;649883.108971
7;274;600211.870081;649305.394679
7;272;600195.744990;649919.004013
7;271;600827.331002;652850.974763
7;269;600129.089020;651257.239740
7;267;600410.273702;650778.988449
7;266;601427.567027;650073.855850
7;265;600276.596506;653267.234637
7;264;600242.248698;653415.718555
7;263;600190.108587;648723.725952
7;262;600152.506592;650842.363228
7;261;602073.250675;650522.928952
7;260;599810.112981;650318.786193
7;258;600078.941324;651854.245087
7;256;600141.005250;652560.792839
7;255;601027.839567;652554.729750
7;254;600067.034898;649868.354419
7;252;600091.015093;649791.594036
7;251;600055.433906;649937.524274
7;250;600739.238871;649376.471531
7;249;600681.978047;651827.937916
7;248;600655.127177;650939.317821
7;247;600310.147071;650525.109250
7;244;599987.832676;651933.067514
7;243;600896.283704;652551.310090
7;240;600408.470275;652231.456416
7;239;600330.141181;650474.633084
7;238;600283.514429;648629.371179
7;237;600447.223996;651149.277552
7;236;600220.450113;649887.750663
7;235;599768.302125;650061.935463
7;233;601514.911596;650068.348954
7;232;600028.886450;648578.742008
7;231;601607.333938;650103.890750
7;229;600971.571311;652281.334357
8;300;601594.306428;650510.663608
8;298;599830.792487;649473.402050
8;295;600361.369070;653379.649436
8;294;601334.504409;650275.520800
8;293;600381.495263;650354.538096
8;290;600135.900138;651388.912008
8;288;600384.426337;650135.919067
8;287;600485.134522;653029.287901
8;286;600327.570772;649542.521567
8;285;600228.456374;649622.079859
8;282;600929.818494;650939.285706
8;281;601772.365239;649602.391517
8;279;600255.040228;649027.918590
8;278;601392.099712;650140.098977
8;277;600515.661023;649631.859296
8;275;601026.924381;649883.108971
8;274;600211.870081;649305.394679
8;272;600195.744990;649919.004013
8;271;600913.543152;653021.267577
8;269;600129.089020;651257.239740
8;267;600410.273702;650778.988449
8;266;601427.567027;650073.855850
8;265;600261.620582;653484.916814
8;264;600373.175626;652364.819773
8;263;600190.108587;648723.725952
8;262;600313.959433;650963.879240
8;261;602073.250675;650522.928952
8;260;599810.112981;650318.786193
8;258;600078.941324;651854.245087
8;256;600102.536634;652381.632529
8;255;601027.839567;652554.729750
8;254;599948.154461;650016.759866
8;252;600091.015093;649791.594036
8;251;600030.448065;649767.152818
8;250;600739.238871;649376.471531
8;249;600681.978047;651827.937916
8;248;600851.486662;650890.515345
8;247;600310.147071;650525.109250
8;244;599987.832676;651933.067514
8;243;601024.617527;652390.157497
8;240;600408.470275;652231.456416
8;239;600330.141181;650474.633084
8;238;600283.514429;648629.371179
8;237;600447.223996;651149.277552
8;236;600742.570527;649156.024670
8;235;599768.302125;650061.935463
8;233;601514.911596;650068.348954
8;232;600028.886450;648578.742008
8;231;601607.333938;650103.890750
8;229;600273.755739;652995.737070
9;300;600851.677202;651052.416312
9;298;599743.256137;649599.547327
9;295;600361.369070;653379.649436
9;294;601334.504409;650275.520800
9;293;600381.495263;650354.538096
9;290;600315.863493;651344.479457
9;288;600384.426337;650135.919067
9;287;600485.134522;653029.287901
9;286;600304.254065;649380.644582
9;285;600375.068398;649455.293911
9;282;600785.223056;651092.358740
9;281;601772.365239;649602.391517
9;279;600255.040228;649027.918590
9;278;602085.595146;649218.527498
9;277;601560.046174;649277.790876
9;275;601026.924381;649883.108971
9;274;600211.870081;649305.394679
9;272;600195.744990;649919.004013
9;271;600875.907209;652834.142717
9;269;600272.334061;650286.923853
9;267;600410.273702;650778.988449
9;266;601427.567027;650073.855850
9;265;600454.812896;653383.494241
9;264;601006.828169;651516.283053
9;263;600190.108587;648723.725952
9;262;600481.434800;650850.807746
9;261;601340.308485;651302.687242
9;260;599778.170069;650148.694879
9;258;600078.941324;651854.245087
9;256;600146.523181;652559.518545
9;255;601027.839567;652554.729750
9;254;599806.025721;650143.077545
9;252;600091.015093;649791.594036
9;251;600081.043941;649602.560040
9;250;600739.238871;649376.471531
9;249;600681.978047;651827.937916
9;248;600989.514638;651038.457925
9;247;600596.924528;651602.423104
9;244;599987.832676;651933.067514
9;243;601159.141201;652234.134713
9;240;600408.470275;652231.456416
9;239;600330.141181;650474.633084
9;238;600283.514429;648629.371179
9;237;600447.223996;651149.277552
9;236;600335.496098;649957.475270
9;235;600590.689603;650130.739241
9;233;601514.911596;650068.348954
9;232;600028.886450;648578.742008
9;231;601607.333938;650103.890750
9;229;600273.755739;652995.737070
10;300;600280.088259;651772.333140
10;298;599743.256137;649599.547327
10;295;600361.369070;653379.649436
10;294;601334.504409;650275.520800
10;293;600381.495263;650354.538096
10;290;600328.443771;651159.539474
10;288;600384.426337;650135.919067
10;287;600485.134522;653029.287901
10;286;600396.009212;649245.260610
10;285;600555.863308;649326.352689
10;282;600639.327129;651244.192770
10;281;601772.365239;649602.391517
10;279;600255.040228;649027.918590
10;278;602085.595146;649218.527498
10;277;601560.046174;649277.790876
10;275;601026.924381;649883.108971
10;274;600979.530991;649781.326531
10;272;600195.744990;649919.004013
10;271;601005.849066;652694.331088
10;269;600228.593521;649307.067319
10;267;600410.273702;650778.988449
10;266;601427.567027;650073.855850
10;265;600484.033964;653167.263027
10;264;601656.065295;650679.610318
10;263;600190.108587;648723.725952
10;262;600523.334226;650653.127198
10;261;600670.142316;652137.016046
10;260;599778.170069;650148.694879
10;258;600078.941324;651854.245087
10;256;600281.161412;652435.217307
10;255;601027.839567;652554.729750
10;254;599806.025721;650143.077545
10;252;600091.015093;649791.594036
10;251;600251.598148;649626.266322
10;250;600739.238871;649376.471531
10;249;600481.915745;650799.660494
10;248;601188.436321;651075.456480
10;247;600390.354801;650506.897934
10;244;599987.832676;651933.067514
10;243;601351.410300;652160.159569
10;240;600408.470275;652231.456416
10;239;600330.141181;650474.633084
10;238;600283.514429;648629.371179
10;237;600447.223996;651149.277552
10;236;600636.894052;649110.603421
10;235;600741.830350;649319.436832
10;233;601514.911596;650068.348954
10;232;600028.886450;648578.742008
10;231;601607.333938;650103.890750
10;229;600786.767062;652138.919009
11;300;600280.088259;651772.333140
11;298;599743.256137;649599.547327
11;295;600361.369070;653379.649436
11;294;601334.504409;650275.520800
11;293;600381.495263;650354.538096
11;290;600484.577948;651059.623610
11;288;600384.426337;650135.919067
11;287;601279.200964;652299.894141
11;286;600404.453143;649081.931105
11;285;600598.400336;649108.400310
11;282;600498.343063;651400.598293
11;281;601772.365239;649602.391517
11;279;600255.040228;649027.918590
11;278;601171.377695;649921.689187
11;277;600784.426661;650061.703602
11;275;601026.924381;649883.108971
11;274;601259.013518;648922.429612
11;272;600195.744990;649919.004013
11;271;600961.705448;652508.633703
11;269;600228.593521;649307.067319
11;267;600410.273702;650778.988449
11;266;601427.567027;650073.855850
11;265;600700.756546;653141.942455
11;264;601656.065295;650679.610318
11;263;600190.108587;648723.725952
11;262;600551.351731;650453.006784
11;261;600670.142316;652137.016046
11;260;599778.170069;650148.694879
11;258;600078.941324;651854.245087
11;256;600206.120396;652268.043455
11;255;601027.839567;652554.729750
11;254;599928.565929;649997.679360
11;252;600091.015093;649791.594036
11;251;600422.035246;649601.732250
11;250;600739.238871;649376.471531
11;249;600967.245855;651728.010678
11;248;601325.680391;650926.786395
11;247;600390.354801;650506.897934
11;244;599987.832676;651933.067514
11;243;601351.410300;652160.159569
11;240;600329.104150;651208.479851
11;239;600330.141181;650474.633084
11;238;600283.514429;648629.371179
11;237;600447.223996;651149.277552
11;236;600636.894052;649110.603421
11;235;600741.830350;649319.436832
11;233;601514.911596;650068.348954
11;232;600028.886450;648578.742008
11;231;601607.333938;650103.890750
11;229;600284.643085;653002.162496
12;300;600563.954445;652646.640950
12;298;599864.364593;649505.165203
12;295;600361.369070;653379.649436
12;294;601334.504409;650275.520800
12;293;600381.495263;650354.538096
12;290;600520.218761;650877.714860
12;288;600384.426337;650135.919067
12;287;601666.640060;651293.689531
12;286;600564.801499;649049.740549
12;285;600819.388583;649130.236810
12;282;600370.890468;651568.214015
12;281;601772.365239;649602.391517
12;279;600255.040228;649027.918590
12;278;600373.592203;650754.616685
12;277;599978.746488;650814.687166
12;275;601026.924381;649883.108971
12;274;601259.013518;648922.429612
12;272;600195.744990;649919.004013
12;271;600959.343639;652317.776166
12;269;600228.593521;649307.067319
12;267;600410.273702;650778.988449
12;266;601427.567027;650073.855850
12;265;600917.245769;653114.698651
12;264;600931.849799;651452.295264
12;263;601116.907730;648840.293451
12;262;600594.074324;650255.502502
12;261;600670.142316;652137.016046
12;260;599778.170069;650148.694879
12;258;600078.941324;651854.245087
12;256;600378.321080;652205.392234
12;255;601027.839567;652554.729750
12;254;599966.809035;649811.415570
12;252;600091.015093;649791.594036
12;251;600466.412714;649435.355071
12;250;600547.498648;650222.868854
12;249;601553.196478;650859.655193
12;248;601325.680391;650926.786395
12;247;600390.354801;650506.897934
12;244;599987.832676;651933.067514
12;243;601216.577804;652315.915552
12;240;601144.618700;650585.811357
12;239;600330.141181;650474.633084
12;238;600283.514429;648629.371179
12;237;600447.223996;651149.277552
12;236;600062.776300;649802.283594
12;235;600178.201316;649922.244791
12;233;601514.911596;650068.348954
12;232;600028.886450;648578.742008
12;231;601607.333938;650103.890750
12;229;600284.643085;653002.162496
13;300;600332.552992;651757.007584
13;298;599913.414920;649359.668437
13;295;600361.369070;653379.649436
13;294;601334.504409;650275.520800
13;293;600381.495263;650354.538096
13;290;600557.309976;651059.333424
13;288;600384.426337;650135.919067
13;287;601666.640060;651293.689531
13;286;600558.897899;648886.299506
13;285;601041.440851;649127.906884
13;282;600219.121091;651714.177197
13;281;601772.365239;649602.391517
13;279;600255.040228;649027.918590
13;278;600373.592203;650754.616685
13;277;599978.746488;650814.687166
13;275;600905.984259;650013.616277
13;274;600505.128281;649419.894636
13;272;600195.744990;649919.004013
13;271;601112.966783;652431.055057
13;269;600228.593521;649307.067319
13;267;600410.273702;650778.988449
13;266;601427.567027;650073.855850
13;265;601129.363851;653165.842843
13;264;600289.599523;652294.343180
13;263;601116.907730;648840.293451
13;262;600678.882754;650072.088514
13;261;600670.142316;652137.016046
13;260;599778.170069;650148.694879
13;258;600078.941324;651854.245087
13;256;600542.786626;652124.587933
13;255;601027.839567;652554.729750
13;254;599971.400757;649621.321774
13;252;599954.787610;649919.609747
13;251;600636.441641;649408.135791
13;250;600590.019000;649356.067400
13;249;601553.196478;650859.655193
13;248;601325.680391;650926.786395
13;247;600390.354801;650506.897934
13;244;599987.832676;651933.067514
13;243;601087.444257;652476.428029
13;240;601485.167003;649617.923509
13;239;600330.141181;650474.633084
13;238;600283.514429;648629.371179
13;237;600300.242730;650041.969854
13;236;600062.776300;649802.283594
13;235;600178.201316;649922.244791
13;233;601514.911596;650068.348954
13;232;600028.886450;648578.742008
13;231;601607.333938;650103.890750
13;229;600284.643085;653002.162496
14;300;600049.894260;650882.308664
14;298;599905.328867;649512.997688
14;295;600361.369070;653379.649436
14;294;601334.504409;650275.520800
14;293;600381.495263;650354.538096
14;290;600624.821241;650886.697130
14;288;600384.426337;650135.919067
14;287;600985.582139;652129.582394
14;286;600553.516493;648722.840437
14;285;601089.555226;648911.117481
14;282;600063.012987;651855.490516
14;281;601772.365239;649602.391517
14;279;600255.040228;649027.918590
14;278;600164.797110;649620.317554
14;277;600164.648292;649727.698063
14;275;600773.502104;650132.389794
14;274;599871.716355;650063.791936
14;272;600195.744990;649919.004013
14;271;601194.988311;652258.704697
14;269;600228.593521;649307.067319
14;267;600410.273702;650778.988449
14;266;601427.567027;650073.855850
14;265;601129.363851;653165.842843
14;264;600289.599523;652294.343180
14;263;600496.164115;649538.306343
14;262;600865.142286;649993.726867
14;261;601573.074970;651562.612122
14;260;599778.170069;650148.694879
14;258;600078.941324;651854.245087
14;256;600685.346454;652009.457805
14;255;601027.839567;652554.729750
14;254;599992.105301;649432.303107
14;252;599821.045903;650050.220257
14;251;600765.509750;649294.152685
14;250;600862.280572;650180.097968
14;249;600774.502975;651560.380395
14;248;601325.680391;650926.786395
14;247;600390.354801;650506.897934
14;244;599987.832676;651933.067514
14;243;600953.827946;652633.228570
14;240;601485.167003;649617.923509
14;239;600330.141181;650474.633084
14;238;600283.514429;648629.371179
14;237;600437.679664;648933.437076
14;236;599721.220797;648970.795475
14;235;600960.464182;650185.151491
14;233;601514.911596;650068.348954
14;232;600028.886450;648578.742008
14;231;601607.333938;650103.890750
14;229;600284.643085;653002.162496
15;300;600302.824531;649998.555058
15;298;599892.720361;649359.973935
15;295;600361.369070;653379.649436
15;294;601334.504409;650275.520800
15;293;600381.495263;650354.538096
15;290;600630.247813;650701.409210
15;288;600384.426337;650135.919067
15;287;600127.510564;652782.475911
15;286;600695.243418;648804.457260
15;285;601294.895432;648826.571412
15;282;600063.012987;651855.490516
15;281;601772.365239;649602.391517
15;279;600255.040228;649027.918590
15;278;600998.898626;648823.759603
15;277;601259.197859;649593.288117
15;275;600645.326577;650255.798481
15;274;599871.716355;650063.791936
15;272;600098.606720;649132.313536
15;271;601240.459407;652073.327900
15;269;600939.502686;648631.315721
15;267;600410.273702;650778.988449
15;266;601427.567027;650073.855850
15;265;600993.145699;653336.296426
15;264;601207.797669;651766.666883
15;263;599824.357361;650187.321226
15;262;600979.621174;649827.210365
15;261;601481.113260;650496.417819
15;260;599778.170069;650148.694879
15;258;600078.941324;651854.245087
15;256;600817.693220;651882.719553
15;255;601027.839567;652554.729750
15;254;600068.690339;649258.258667
15;252;599821.045903;650050.220257
15;251;600787.094671;649123.317043
15;250;601223.759667;649391.120399
15;249;600139.160556;652393.278584
15;248;601325.680391;650926.786395
15;247;600390.354801;650506.897934
15;244;599987.832676;651933.067514
15;243;600830.257671;652798.062169
15;240;600690.866696;650267.436447
15;239;600330.141181;650474.633084
15;238;600283.514429;648629.371179
15;237;600437.679664;648933.437076
15;236;599721.220797;648970.795475
15;235;601784.955585;650149.527759
15;233;601514.911596;650068.348954
15;232;600028.886450;648578.742008
15;231;601607.333938;650103.890750
15;229;600284.643085;653002.162496
16;300;601191.582282;649763.813034
16;298;599957.709426;649220.863673
16;295;600361.369070;653379.649436
16;294;601553.224888;651353.094825
16;293;600381.495263;650354.538096
16;290;600815.016906;650686.528241
16;288;600384.426337;650135.919067
16;287;600127.510564;652782.475911
16;286;600627.226040;648953.190119
16;285;601294.895432;648826.571412
16;282;600030.652318;651647.423264
16;281;601772.365239;649602.391517
16;279;600255.040228;649027.918590
16;278;600998.898626;648823.759603
16;277;601259.197859;649593.288117
16;275;600533.257962;650393.998681
16;274;599752.288017;649168.497977
16;272;600098.606720;649132.313536
16;271;601430.388195;652054.374450
16;269;600939.502686;648631.315721
16;267;600410.273702;650778.988449
16;266;600731.192695;650887.761658
16;265;600842.191324;653493.848276
16;264;601047.422429;650719.857496
16;263;599824.357361;650187.321226
16;262;601181.129935;649812.131235
16;261;601481.113260;650496.417819
16;260;599778.170069;650148.694879
16;258;600078.941324;651854.245087
16;256;600787.689685;651701.948873
16;255;601027.839567;652554.729750
16;254;600026.353818;649072.882418
16;252;599821.045903;650050.220257
16;251;600913.020574;649005.871770
16;250;601223.759667;649391.120399
16;249;600139.160556;652393.278584
16;248;601325.680391;650926.786395
16;247;600390.354801;650506.897934
16;244;599987.832676;651933.067514
16;243;600665.902879;652922.268572
16;240;599963.649069;650991.269685
16;239;600330.141181;650474.633084
16;238;600283.514429;648629.371179
16;237;600437.679664;648933.437076
16;236;599721.220797;648970.795475
16;235;601784.955585;650149.527759
16;233;601514.911596;650068.348954
16;232;600028.886450;648578.742008
16;231;601607.333938;650103.890750
16;229;600284.643085;653002.162496
17;300;602065.095586;650050.114739
17;298;600036.303770;649088.961541
17;295;600361.369070;653379.649436
17;294;601843.172672;650292.465432
17;293;600381.495263;650354.538096
17;290;600977.813885;650597.881726
17;288;600384.426337;650135.919067
17;287;601148.084971;653130.304391
17;286;600693.897577;648803.849123
17;285;601144.956221;648990.372728
17;282;600236.827208;651604.631805
17;281;601011.861640;650219.848027
17;279;600245.761950;648833.420434
17;278;600219.714482;649674.113635
17;277;600483.549312;650377.172114
17;275;600417.844322;650529.417888
17;274;600613.144489;649441.885131
17;272;600098.606720;649132.313536
17;271;601400.971966;651865.782661
17;269;600293.621224;649369.468280
17;267;600410.273702;650778.988449
17;266;600731.192695;650887.761658
17;265;600842.191324;653493.848276
17;264;601802.646837;649977.451810
17;263;600322.352944;649397.039610
17;262;601125.520909;649617.861327
17;261;600830.355331;651345.971446
17;260;599778.170069;650148.694879
17;258;600078.941324;651854.245087
17;256;600817.565795;651521.157089
17;255;601027.839567;652554.729750
17;254;600000.044162;648884.562114
17;252;599821.045903;650050.220257
17;251;600976.820130;649165.810326
17;250;601223.759667;649391.120399
17;249;601125.256081;652039.732269
17;248;601325.680391;650926.786395
17;247;600390.354801;650506.897934
17;244;599987.832676;651933.067514
17;243;600499.695877;653043.985295
17;240;599963.649069;650991.269685
17;239;600330.141181;650474.633084
17;238;600283.514429;648629.371179
17;237;600437.679664;648933.437076
17;236;599721.220797;648970.795475
17;235;601255.354638;650782.440044
17;233;601514.911596;650068.348954
17;232;600028.886450;648578.742008
17;231;601607.333938;650103.890750
17;229;600284.643085;653002.162496
18;300;601760.831019;649182.694869
18;298;599985.077045;648944.216710
18;295;600407.311058;653211.244496
18;294;601689.722471;649203.678279
18;293;600381.495263;650354.538096
18;290;601128.643571;650490.125209
18;288;600384.426337;650135.919067
18;287;601148.084971;653130.304391
18;286;600689.776154;648967.344813
18;285;600997.621242;649156.520379
18;282;600444.016039;651642.208162
18;281;601011.861640;650219.848027
18;279;600369.392220;648682.983817
18;278;600219.714482;649674.113635
18;277;600483.549312;650377.172114
18;275;600417.844322;650529.417888
18;274;601451.913352;649776.968995
18;272;600098.606720;649132.313536
18;271;601421.707233;651676.040134
18;269;600293.621224;649369.468280
18;267;600410.273702;650778.988449
18;266;600731.192695;650887.761658
18;265;600762.427398;653290.753409
18;264;601527.479539;648954.801787
18;263;600322.352944;649397.039610
18;262;601066.471649;649811.113354
18;261;600122.318077;652148.411782
18;260;599778.170069;650148.694879
18;258;600078.941324;651854.245087
18;256;600979.922977;651436.195943
18;255;601027.839567;652554.729750
18;254;600130.987080;648746.682866
18;252;599821.045903;650050.220257
18;251;601057.898724;649013.899211
18;250;601223.759667;649391.120399
18;249;601027.931107;650996.704355
18;248;601325.680391;650926.786395
18;247;600390.354801;650506.897934
18;244;599987.832676;651933.067514
18;243;600348.051904;653183.426443
18;240;600203.682856;649993.690708
18;239;600330.141181;650474.633084
18;238;600283.514429;648629.371179
18;237;600437.679664;648933.437076
18;236;599721.220797;648970.795475
18;235;600767.604720;651448.139031
18;233;601514.911596;650068.348954
18;232;600028.886450;648578.742008
18;231;601607.333938;650103.890750
18;229;600284.643085;653002.162496
19;300;601760.831019;649182.694869
19;298;600078.643630;648822.477079
19;295;600387.806574;653037.778462
19;294;601689.722471;649203.678279
19;293;600381.495263;650354.538096
19;290;601133.236234;650304.814745
19;288;600384.426337;650135.919067
19;287;601148.084971;653130.304391
19;286;600788.204056;648836.731739
19;285;600870.176130;649338.373016
19;282;600582.694280;651483.754573
19;281;601011.861640;650219.848027
19;279;600554.549634;648743.252808
19;278;601372.949846;649690.790135
19;277;600483.549312;650377.172114
19;275;600417.844322;650529.417888
19;274;601451.913352;649776.968995
19;272;600098.606720;649132.313536
19;271;601608.757942;651638.037371
19;269;601269.507738;649271.093619
19;267;600410.273702;650778.988449
19;266;600731.192695;650887.761658
19;265;600722.208379;653076.295396
19;264;601527.479539;648954.801787
19;263;600322.352944;649397.039610
19;262;601173.894173;649639.959731
19;261;600122.318077;652148.411782
19;260;599778.170069;650148.694879
19;258;600078.941324;651854.245087
19;256;601152.905796;651375.737733
19;255;601027.839567;652554.729750
19;254;600130.987080;648746.682866
19;252;599821.045903;650050.220257
19;251;601063.047913;649186.016064
19;250;601223.759667;649391.120399
19;249;600866.883150;649961.599077
19;248;601325.680391;650926.786395
19;247;600390.354801;650506.897934
19;244;599987.832676;651933.067514
19;243;600348.051904;653183.426443
19;240;599987.571627;648990.657323
19;239;600490.860134;650362.747819
19;238;600283.514429;648629.371179
19;237;600437.679664;648933.437076
19;236;599721.220797;648970.795475
19;235;600215.468075;652061.490684
19;233;601514.911596;650068.348954
19;232;600028.886450;648578.742008
19;231;601607.333938;650103.890750
19;229;600284.643085;653002.162496
20;300;601234.300866;649936.193479
20;298;600078.643630;648822.477079
20;295;600440.794600;652871.456006
20;294;601689.722471;649203.678279
20;293;600381.495263;650354.538096
20;290;601313.513827;650261.674850
20;288;600384.426337;650135.919067
20;287;601148.084971;653130.304391
20;286;600826.713527;648677.782541
20;285;600721.711491;649503.512016
20;282;600793.228624;651487.560420
20;281;601011.861640;650219.848027
20;279;600618.130692;648927.299183
20;278;601372.949846;649690.790135
20;277;600483.549312;650377.172114
20;275;600417.844322;650529.417888
20;274;601451.913352;649776.968995
20;272;600098.606720;649132.313536
20;271;601608.757942;651638.037371
20;269;601269.507738;649271.093619
20;267;600410.273702;650778.988449
20;266;600731.192695;650887.761658
20;265;600912.040470;652968.714793
20;264;600783.235636;649708.214770
20;263;600322.352944;649397.039610
20;262;601152.748668;649438.996977
20;261;600197.968481;651080.936132
20;260;599778.170069;650148.694879
20;258;600078.941324;651854.245087
20;256;601294.624885;651491.901199
20;255;601027.839567;652554.729750
20;254;600130.987080;648746.682866
20;252;599821.045903;650050.220257
20;251;601139.812747;649031.880132
20;250;601223.759667;649391.120399
20;249;601623.324103;649236.908477
20;248;601488.847148;650807.139673
20;247;600390.354801;650506.897934
20;244;599987.832676;651933.067514
20;243;600381.510802;652980.152661
20;240;600053.218578;650014.605814
20;239;600490.860134;650362.747819
20;238;600283.514429;648629.371179
20;237;600437.679664;648933.437076
20;236;599721.220797;648970.795475
20;235;600215.468075;652061.490684
20;233;601514.911596;650068.348954
20;232;600028.886450;648578.742008
20;231;601607.333938;650103.890750
20;229;600284.643085;653002.162496
21;300;600616.541017;650616.904084
21;298;600078.643630;648822.477079
21;295;600558.850163;652742.872282
21;294;601689.722471;649203.678279
21;293;600381.495263;650354.538096
21;290;601406.029738;650101.045254
21;288;600384.426337;650135.919067
21;287;601148.084971;653130.304391
21;286;600988.638451;648654.801116
21;285;600588.786055;649681.398122
21;282;600952.609538;651349.948944
21;281;601011.861640;650219.848027
21;279;600686.881890;649109.477371
21;278;600645.551570;650585.844132
21;277;600483.549312;650377.172114
21;275;600417.844322;650529.417888
21;274;601451.913352;649776.968995
21;272;600098.606720;649132.313536
21;271;601460.858459;651758.693579
21;269;600629.498658;650014.343535
21;267;600410.273702;650778.988449
21;266;600731.192695;650887.761658
21;265;601071.711884;652820.004174
21;264;600062.704719;650484.336737
21;263;600322.352944;649397.039610
21;262;601334.084570;649349.831673
21;261;601102.523767;651652.781374
21;260;599778.170069;650148.694879
21;258;600078.941324;651854.245087
21;256;601467.363592;651430.749011
21;255;601027.839567;652554.729750
21;254;600130.987080;648746.682866
21;252;599821.045903;650050.220257
21;251;601262.737216;648911.296966
21;250;601223.759667;649391.120399
21;249;600993.094929;650073.682383
21;248;601481.996623;650604.922465
21;247;600760.595532;651558.453093
21;244;599987.832676;651933.067514
21;243;600349.520006;652776.642668
21;240;600751.983053;649263.268178
21;239;600490.860134;650362.747819
21;238;600283.514429;648629.371179
21;237;600437.679664;648933.437076
21;236;600461.135233;649481.245553
21;235;601040.721847;652064.857525
21;233;601514.911596;650068.348954
21;232;600942.526667;648583.652590
21;231;601607.333938;650103.890750
21;229;600284.643085;653002.162496
22;300;599899.372871;651191.938005
22;298;600078.643630;648822.477079
22;295;600647.080805;652592.252749
22;294;601689.722471;649203.678279
22;293;600381.495263;650354.538096
22;290;601542.460446;649975.555323
22;288;600384.426337;650135.919067
22;287;601148.084971;653130.304391
22;286;601018.030059;648815.686045
22;285;600433.788186;649840.421072
22;282;600995.056948;651143.702946
22;281;601011.861640;650219.848027
22;279;600642.241822;649299.010702
22;278;600645.551570;650585.844132
22;277;600483.549312;650377.172114
22;275;600417.844322;650529.417888
22;274;601451.913352;649776.968995
22;272;600098.606720;649132.313536
22;271;601340.768864;651907.053502
22;269;599969.599013;650739.991191
22;267;600410.273702;650778.988449
22;266;600731.192695;650887.761658
22;265;601100.843314;652603.760866
22;264;600062.704719;650484.336737
22;263;600322.352944;649397.039610
22;262;601465.648390;649196.455917
22;261;601444.001496;650638.572221
22;260;599840.700470;650310.068216
22;258;600078.941324;651854.245087
22;256;601555.485445;651270.085418
22;255;601027.839567;652554.729750
22;254;600130.987080;648746.682866
22;252;599821.045903;650050.220257
22;251;601243.160988;648740.219508
22;250;601223.759667;649391.120399
22;249;601221.131921;651096.119917
22;248;601448.939191;650405.307999
22;247;600760.595532;651558.453093
22;244;599987.832676;651933.067514
22;243;600441.553469;652592.334313
22;240;600751.983053;649263.268178
22;239;600490.860134;650362.747819
22;238;600283.514429;648629.371179
22;237;600437.679664;648933.437076
22;236;600848.448029;648670.060338
22;235;601164.155679;651248.880066
22;233;601514.911596;650068.348954
22;232;600942.526667;648583.652590
22;231;601607.333938;650103.890750
22;229;600284.643085;653002.162496
23;300;599899.372871;651191.938005
23;298;600078.643630;648822.477079
23;295;600540.898460;652730.803099
23;294;601689.722471;649203.678279
23;293;600381.495263;650354.538096
23;290;601542.460446;649975.555323
23;288;600384.426337;650135.919067
23;287;601148.084971;653130.304391
23;286;601152.414460;648908.899026
23;285;600296.898227;650015.274660
23;282;601130.415548;651305.001562
23;281;601011.861640;650219.848027
23;279;600642.241822;649299.010702
23;278;600660.328184;649432.582860
23;277;600483.549312;650377.172114
23;275;600417.844322;650529.417888
23;274;601451.913352;649776.968995
23;272;600098.606720;649132.313536
23;271;601194.597675;652029.797794
23;269;599969.599013;650739.991191
23;267;600410.273702;650778.988449
23;266;600731.192695;650887.761658
23;265;601100.843314;652603.760866
23;264;599995.316094;649427.459789
23;263;600322.352944;649397.039610
23;262;601607.526101;649052.567502
23;261;600951.534153;651588.679142
23;260;599840.700470;650310.068216
23;258;600078.941324;651854.245087
23;256;601728.861369;651210.763921
23;255;601027.839567;652554.729750
23;254;600130.987080;648746.682866
23;252;599990.268186;650129.654307
23;251;601261.690648;648911.413483
23;250;601223.759667;649391.120399
23;249;601221.131921;651096.119917
23;248;601448.939191;650405.307999
23;247;600760.595532;651558.453093
23;244;599987.832676;651933.067514
23;243;600641.392526;652542.293533
23;240;600108.646526;650062.579224
23;239;600490.860134;650362.747819
23;238;600283.514429;648629.371179
23;237;600437.679664;648933.437076
23;236;600848.448029;648670.060338
23;235;601532.528222;650510.397301
23;233;601514.911596;650068.348954
23;232;600325.035764;649257.052579
23;231;601607.333938;650103.890750
23;229;600284.643085;653002.162496
24;300;600418.119329;650433.059707
24;298;600078.643630;648822.477079
24;295;600670.262893;652848.002645
24;294;601689.722471;649203.678279
24;293;600381.495263;650354.538096
24;290;601542.460446;649975.555323
24;288;600384.426337;650135.919067
24;287;601148.084971;653130.304391
24;286;601111.836869;649067.332880
24;285;600134.211884;650166.422905
24;282;601102.607284;651096.277115
24;281;601011.861640;650219.848027
24;279;600642.241822;649299.010702
24;278;601713.853016;648963.205255
24;277;600483.549312;650377.172114
24;275;600417.844322;650529.417888
24;274;601451.913352;649776.968995
24;272;600098.606720;649132.313536
24;271;601055.748111;652160.767165
24;269;600623.036406;651471.463429
24;267;600410.273702;650778.988449
24;266;600731.192695;650887.761658
24;265;600958.285991;652768.949298
24;264;601011.493993;649725.641926
24;263;600322.352944;649397.039610
24;262;601774.149752;649166.890377
24;261;600951.534153;651588.679142
24;260;599840.700470;650310.068216
24;258;600078.941324;651854.245087
24;256;601816.577262;651049.878332
24;255;601027.839567;652554.729750
24;254;600130.987080;648746.682866
24;252;600167.568406;650188.904467
24;251;601262.933952;648739.224112
24;250;601223.759667;649391.120399
24;249;600517.921045;651872.569430
24;248;601448.939191;650405.307999
24;247;600653.240634;652668.102306
24;244;599987.832676;651933.067514
24;243;600635.887343;652336.358055
24;240;600108.646526;650062.579224
24;239;600490.860134;650362.747819
24;238;600283.514429;648629.371179
24;237;600437.679664;648933.437076
24;236;600848.448029;648670.060338
24;235;601532.528222;650510.397301
24;233;601514.911596;650068.348954
24;232;600325.035764;649257.052579
24;231;601607.333938;650103.890750
24;229;600284.643085;653002.162496
25;300;601324.542002;650586.004458
25;298;600078.643630;648822.477079
25;295;600840.337933;652887.313852
25;294;601689.722471;649203.678279
25;293;600576.213504;650439.371433
25;290;601542.460446;649975.555323
25;288;600384.426337;650135.919067
25;287;600433.008963;652323.320454
25;286;601256.418602;649143.778610
25;285;599975.509758;650011.096560
25;282;601292.410189;651187.458536
25;281;601011.861640;650219.848027
25;279;600642.241822;649299.010702
25;278;601713.853016;648963.205255
25;277;600483.549312;650377.172114
25;275;600417.844322;650529.417888
25;274;601451.913352;649776.968995
25;272;600098.606720;649132.313536
25;271;600897.890602;652053.467657
25;269;601406.887453;652061.047688
25;267;600410.273702;650778.988449
25;266;600731.192695;650887.761658
25;265;600807.226120;652611.498594
25;264;601084.889729;650782.118701
25;263;600322.352944;649397.039610
25;262;601970.215199;649215.793359
25;261;600045.788309;651018.721502
25;260;599840.700470;650310.068216
25;258;600078.941324;651854.245087
25;256;601639.255410;651003.669978
25;255;601027.839567;652554.729750
25;254;600130.987080;648746.682866
25;252;600167.568406;650188.904467
25;251;601262.933952;648739.224112
25;250;601223.759667;649391.120399
25;249;599875.606149;651045.036376
25;248;601448.939191;650405.307999
25;247;600653.240634;652668.102306
25;244;599987.832676;651933.067514
25;243;600462.865916;652224.539836
25;240;601087.702307;650369.547970
25;239;600490.860134;650362.747819
25;238;600283.514429;648629.371179
25;237;600437.679664;648933.437076
25;236;600848.448029;648670.060338
25;235;601532.528222;650510.397301
25;233;601514.911596;650068.348954
25;232;600325.035764;649257.052579
25;231;601607.333938;650103.890750
25;229;600284.643085;653002.162496
26;300;601324.542002;650586.004458
26;298;600078.643630;648822.477079
26;295;601014.081847;652904.164437
26;294;601689.722471;649203.678279
26;293;600788.337051;650428.624841
26;290;601542.460446;649975.555323
26;288;600384.426337;650135.919067
26;287;600433.008963;652323.320454
26;286;601389.056156;649239.460929
26;285;599822.084188;649850.556121
26;282;601240.010347;651391.403261
26;281;601011.861640;650219.848027
26;279;600642.241822;649299.010702
26;278;601713.853016;648963.205255
26;277;600483.549312;650377.172114
26;275;600417.844322;650529.417888
26;274;601451.913352;649776.968995
26;272;600734.365886;649605.735158
26;271;600770.692875;651911.154918
26;269;601406.887453;652061.047688
26;267;600410.273702;650778.988449
26;266;600731.192695;650887.761658
26;265;600646.419257;652464.016522
26;264;601084.889729;650782.118701
26;263;600322.352944;649397.039610
26;262;601959.873295;649417.600708
26;261;600045.788309;651018.721502
26;260;599840.700470;650310.068216
26;258;600078.941324;651854.245087
26;256;601800.152556;651091.364672
26;255;601027.839567;652554.729750
26;254;600130.987080;648746.682866
26;252;600167.568406;650188.904467
26;251;601262.933952;648739.224112
26;250;601223.759667;649391.120399
26;249;599875.606149;651045.036376
26;248;601448.939191;650405.307999
26;247;600653.240634;652668.102306
26;244;599987.832676;651933.067514
26;243;600656.691526;652294.334975
26;240;602094.429551;650171.355414
26;239;600490.860134;650362.747819
26;238;600283.514429;648629.371179
26;237;600437.679664;648933.437076
26;236;600848.448029;648670.060338
26;235;601532.528222;650510.397301
26;233;601514.911596;650068.348954
26;232;600325.035764;649257.052579
26;231;601607.333938;650103.890750
26;229;600284.643085;653002.162496
27;300;600647.514286;649964.210576
27;298;600078.643630;648822.477079
27;295;601014.081847;652904.164437
27;294;601689.722471;649203.678279
27;293;600659.386154;650597.395557
27;290;601542.460446;649975.555323
27;288;600384.426337;650135.919067
27;287;600433.008963;652323.320454
27;286;601545.822638;649192.855167
27;285;599822.084188;649850.556121
27;282;601444.182169;651442.911140
27;281;601011.861640;650219.848027
27;279;600642.241822;649299.010702
27;278;600850.901279;649728.413859
27;277;599802.186721;649510.079379
27;275;600417.844322;650529.417888
27;274;601451.913352;649776.968995
27;272;601519.075036;649717.758813
27;271;600665.204735;651752.081256
27;269;600691.248790;651390.306780
27;267;600410.273702;650778.988449
27;266;600731.192695;650887.761658
27;265;600503.465212;652299.171293
27;264;600257.321787;650121.315091
27;263;600322.352944;649397.039610
27;262;602003.801070;649614.840439
27;261;600990.300332;651521.836085
27;260;599840.700470;650310.068216
27;258;600078.941324;651854.245087
27;256;601800.152556;651091.364672
27;255;601027.839567;652554.729750
27;254;600130.987080;648746.682866
27;252;600167.568406;650188.904467
27;251;601262.933952;648739.224112
27;250;601223.759667;649391.120399
27;249;600918.223594;651146.664345
27;248;601448.939191;650405.307999
27;247;600653.240634;652668.102306
27;244;599987.832676;651933.067514
27;243;600539.784616;652463.959568
27;240;602094.429551;650171.355414
27;239;600490.860134;650362.747819
27;238;600283.514429;648629.371179
27;237;600437.679664;648933.437076
27;236;600848.448029;648670.060338
27;235;601532.528222;650510.397301
27;233;601514.911596;650068.348954
27;232;600325.035764;649257.052579
27;231;601607.333938;650103.890750
27;229;600284.643085;653002.162496
28;300;599966.169054;649347.150746
28;298;600078.643630;648822.477079
28;295;600894.517836;652776.982138
28;294;601689.722471;649203.678279
28;293;600827.923306;650726.651570
28;290;601542.460446;649975.555323
28;288;600384.426337;650135.919067
28;287;600433.008963;652323.320454
28;286;601708.912674;649180.629496
28;285;600013.827609;649962.569954
28;282;601444.182169;651442.911140
28;281;601011.861640;650219.848027
28;279;600642.241822;649299.010702
28;278;600654.199797;650864.872585
28;277;599802.186721;649510.079379
28;275;600417.844322;650529.417888
28;274;601451.913352;649776.968995
28;272;601857.565471;650434.516774
28;271;600542.459083;651605.911209
28;269;599961.574576;650734.862196
28;267;600410.273702;650778.988449
28;266;600731.192695;650887.761658
28;265;600503.465212;652299.171293
28;264;600257.321787;650121.315091
28;263;600322.352944;649397.039610
28;262;601819.742718;649531.439695
28;261;600763.568902;652567.694635
28;260;599840.700470;650310.068216
28;258;600078.941324;651854.245087
28;256;601665.791344;650966.764049
28;255;601027.839567;652554.729750
28;254;600130.987080;648746.682866
28;252;600167.568406;650188.904467
28;251;601262.933952;648739.224112
28;250;600743.512751;648668.267964
28;249;600918.223594;651146.664345
28;248;601448.939191;650405.307999
28;247;600653.240634;652668.102306
28;244;599987.832676;651933.067514
28;243;600388.426570;652603.711026
28;240;601344.727141;649470.836799
28;239;600490.860134;650362.747819
28;238;600283.514429;648629.371179
28;237;600437.679664;648933.437076
28;236;600848.448029;648670.060338
28;235;601532.528222;650510.397301
28;233;601514.911596;650068.348954
28;232;600325.035764;649257.052579
28;231;601607.333938;650103.890750
28;229;600284.643085;653002.162496
29;300;599966.169054;649347.150746
29;298;600078.643630;648822.477079
29;295;600780.361166;652644.924784
29;294;601689.722471;649203.678279
29;293;601039.003323;650750.254852
29;290;601542.460446;649975.555323
29;288;600384.426337;650135.919067
29;287;600433.008963;652323.320454
29;286;601862.039932;649238.073992
29;285;600228.910145;650017.816138
29;282;601444.182169;651442.911140
29;281;601011.861640;650219.848027
29;279;600642.241822;649299.010702
29;278;600654.199797;650864.872585
29;277;599802.186721;649510.079379
29;275;600417.844322;650529.417888
29;274;601451.913352;649776.968995
29;272;601857.565471;650434.516774
29;271;600407.398506;651471.037869
29;269;599961.574576;650734.862196
29;267;600410.273702;650778.988449
29;266;600731.192695;650887.761658
29;265;600503.465212;652299.171293
29;264;600897.672122;650964.808753
29;263;600322.352944;649397.039610
29;262;602019.416128;649500.396335
29;261;600763.568902;652567.694635
29;260;599840.700470;650310.068216
29;258;600078.941324;651854.245087
29;256;601566.323935;650812.866402
29;255;601027.839567;652554.729750
29;254;600130.987080;648746.682866
29;252;600167.568406;650188.904467
29;251;601262.933952;648739.224112
29;250;600743.512751;648668.267964
29;249;600155.105108;650429.008746
29;248;601448.939191;650405.307999
29;247;600653.240634;652668.102306
29;244;599987.832676;651933.067514
29;243;600594.339620;652597.422643
29;240;600555.000255;648815.770787
29;239;600490.860134;650362.747819
29;238;600283.514429;648629.371179
29;237;600437.679664;648933.437076
29;236;600848.448029;648670.060338
29;235;601532.528222;650510.397301
29;233;601514.911596;650068.348954
29;232;600325.035764;649257.052579
29;231;601466.845566;649991.916689
29;229;600284.643085;653002.162496
30;300;600801.869958;649730.032136
30;298;600078.643630;648822.477079
30;295;600687.805382;652496.923714
30;294;601689.722471;649203.678279
30;293;601238.468103;650823.232177
30;290;601542.460446;649975.555323
30;288;600384.426337;650135.919067
30;287;600433.008963;652323.320454
30;286;601705.411376;649191.006779
30;285;600228.910145;650017.816138
30;282;601444.182169;651442.911140
30;281;600190.355665;649686.231874
30;279;600642.241822;649299.010702
30;278;599933.394364;649964.500752
30;277;599802.186721;649510.079379
30;275;600417.844322;650529.417888
30;274;601451.913352;649776.968995
30;272;601251.129995;649924.072102
30;271;600263.280146;651345.889652
30;269;599961.574576;650734.862196
30;267;600410.273702;650778.988449
30;266;599909.860875;650200.161544
30;265;600503.465212;652299.171293
30;264;600897.672122;650964.808753
30;263;600322.352944;649397.039610
30;262;601819.629488;649470.090245
30;261;599950.199637;651872.239615
30;260;599840.700470;650310.068216
30;258;600078.941324;651854.245087
30;256;601428.150315;650692.507349
30;255;601027.839567;652554.729750
30;254;600130.987080;648746.682866
30;252;600167.568406;650188.904467
30;251;601262.933952;648739.224112
30;250;600743.512751;648668.267964
30;249;600155.105108;650429.008746
30;248;601448.939191;650405.307999
30;247;600029.169218;651744.315903
30;244;599987.832676;651933.067514
30;243;600719.487514;652761.061676
30;240;600555.000255;648815.770787
30;239;600490.860134;650362.747819
30;238;600283.514429;648629.371179
30;237;600437.679664;648933.437076
30;236;600848.448029;648670.060338
30;235;601532.528222;650510.397301
30;233;601514.911596;650068.348954
30;232;600325.035764;649257.052579
30;231;601337.784585;649866.942947
30;229;600284.643085;653002.162496
31;300;600801.869958;649730.032136
31;298;600078.643630;648822.477079
31;295;600558.143826;652380.052969
31;294;601689.722471;649203.678279
31;293;601367.246242;650992.134751
31;290;601724.508933;649940.635280
31;288;600384.426337;650135.919067
31;287;600433.008963;652323.320454
31;286;601867.225071;649167.254833
31;285;600228.910145;650017.816138
31;282;601444.182169;651442.911140
31;281;600190.355665;649686.231874
31;279;600642.241822;649299.010702
31;278;599933.394364;649964.500752
31;277;599802.186721;649510.079379
31;275;600417.844322;650529.417888
31;274;600856.600558;649097.692116
31;272;600672.480634;649382.331698
31;271;600143.047701;651197.645473
31;269;599961.574576;650734.862196
31;267;600410.273702;650778.988449
31;266;599909.860875;650200.161544
31;265;600503.465212;652299.171293
31;264;600897.672122;650964.808753
31;263;600322.352944;649397.039610
31;262;602019.566866;649499.385392
31;261;599950.199637;651872.239615
31;260;600007.232629;650357.168582
31;258;600078.941324;651854.245087
31;256;601428.150315;650692.507349
31;255;601027.839567;652554.729750
31;254;600130.987080;648746.682866
31;252;600167.568406;650188.904467
31;251;601262.933952;648739.224112
31;250;600743.512751;648668.267964
31;249;601186.003616;650615.093805
31;248;601448.939191;650405.307999
31;247;600029.169218;651744.315903
31;244;599987.832676;651933.067514
31;243;600921.415319;652801.864736
31;240;601559.302871;649025.904768
31;239;600490.860134;650362.747819
31;238;600283.514429;648629.371179
31;237;600437.679664;648933.437076
31;236;600848.448029;648670.060338
31;235;601532.528222;650510.397301
31;233;601514.911596;650068.348954
31;232;600325.035764;649257.052579
31;231;601337.784585;649866.942947
31;229;600284.643085;653002.162496
32;300;600801.869958;649730.032136
32;298;600078.643630;648822.477079
32;295;600415.729038;652279.112797
32;294;601689.722471;649203.678279
32;293;601579.295582;650980.011809
32;290;601630.189365;650100.212471
32;288;600384.426337;650135.919067
32;287;600433.008963;652323.320454
32;286;602026.216417;649205.589920
32;285;600228.910145;650017.816138
32;282;601444.182169;651442.911140
32;281;600190.355665;649686.231874
32;279;600642.241822;649299.010702
32;278;599933.394364;649964.500752
32;277;599802.186721;649510.079379
32;275;600417.844322;650529.417888
32;274;600856.600558;649097.692116
32;272;600107.323939;648826.529880
32;271;600007.375273;651063.387624
32;269;600936.425823;650626.709032
32;267;600410.273702;650778.988449
32;266;600937.939311;650500.885013
32;265;600503.465212;652299.171293
32;264;600897.672122;650964.808753
32;263;600322.352944;649397.039610
32;262;601832.139662;649574.911573
32;261;601014.341399;651985.507247
32;260;600117.686588;650490.402691
32;258;600078.941324;651854.245087
32;256;601428.150315;650692.507349
32;255;601027.839567;652554.729750
32;254;600130.987080;648746.682866
32;252;600167.568406;650188.904467
32;251;601262.933952;648739.224112
32;250;600743.512751;648668.267964
32;249;601541.756097;651600.395562
32;248;601448.939191;650405.307999
32;247;601114.440783;651489.302022
32;244;599987.832676;651933.067514
32;243;600722.593651;652747.923353
32;240;601559.302871;649025.904768
32;239;600533.912688;650553.785439
32;238;600283.514429;648629.371179
32;237;600437.679664;648933.437076
32;236;600848.448029;648670.060338
32;235;601532.528222;650510.397301
32;233;601514.911596;650068.348954
32;232;600325.035764;649257.052579
32;231;601337.784585;649866.942947
32;229;600284.643085;653002.162496
33;300;600801.869958;649730.032136
33;298;600231.532922;648808.331132
33;295;600304.961587;652144.200003
33;294;601689.722471;649203.678279
33;293;601532.047336;651187.085447
33;290;601815.435938;650093.521566
33;288;600384.426337;650135.919067
33;287;601008.963741;653234.820791
33;286;601871.365134;649258.210325
33;285;600228.910145;650017.816138
33;282;601444.182169;651442.911140
33;281;600190.355665;649686.231874
33;279;600642.241822;649299.010702
33;278;599933.394364;649964.500752
33;277;600893.902797;649665.838167
33;275;600417.844322;650529.417888
33;274;600856.600558;649097.692116
33;272;600107.323939;648826.529880
33;271;599878.689435;650922.419072
33;269;600182.323101;651253.894129
33;267;600410.273702;650778.988449
33;266;600781.364939;651560.537948
33;265;600503.465212;652299.171293
33;264;600897.672122;650964.808753
33;263;600322.352944;649397.039610
33;262;602011.980272;649667.055568
33;261;601014.341399;651985.507247
33;260;600059.416288;650653.362737
33;258;600078.941324;651854.245087
33;256;601428.150315;650692.507349
33;255;601027.839567;652554.729750
33;254;600130.987080;648746.682866
33;252;599985.686732;650232.090184
33;251;601262.933952;648739.224112
33;250;600743.512751;648668.267964
33;249;601541.756097;651600.395562
33;248;601448.939191;650405.307999
33;247;601114.440783;651489.302022
33;244;599987.832676;651933.067514
33;243;600700.986971;652952.796191
33;240;601559.302871;649025.904768
33;239;600728.589623;650574.993578
33;238;600283.514429;648629.371179
33;237;601481.047592;649332.332047
33;236;601589.330514;649179.104342
33;235;601532.528222;650510.397301
33;233;601514.911596;650068.348954
33;232;600325.035764;649257.052579
33;231;601337.784585;649866.942947
33;229;600284.643085;653002.162496
34;300;600801.869958;649730.032136
34;298;600253.635821;648960.274231
34;295;600169.945876;652033.558024
34;294;600619.404182;648951.838671
34;293;601565.228306;651396.873225
34;290;601976.982752;650184.426394
34;288;600384.426337;650135.919067
34;287;601008.963741;653234.820791
34;286;602013.874984;649338.452270
34;285;600228.910145;650017.816138
34;282;601444.182169;651442.911140
34;281;600190.355665;649686.231874
34;279;600832.621147;649339.892629
34;278;599933.394364;649964.500752
34;277;601916.986105;650077.426961
34;275;600417.844322;650529.417888
34;274;600856.600558;649097.692116
34;272;599940.010452;649601.335628
34;271;599878.689435;650922.419072
34;269;600182.323101;651253.894129
34;267;601425.552067;651021.580236
34;266;600781.364939;651560.537948
34;265;600503.465212;652299.171293
34;264;600897.672122;650964.808753
34;263;600322.352944;649397.039610
34;262;602011.980272;649667.055568
34;261;600163.886828;651335.927176
34;260;599890.083080;650617.618232
34;258;600078.941324;651854.245087
34;256;601428.150315;650692.507349
34;255;601027.839567;652554.729750
34;254;600130.987080;648746.682866
34;252;600171.327708;650254.076033
34;251;601262.933952;648739.224112
34;250;600743.512751;648668.267964
34;249;600796.646949;650864.058860
34;248;601601.410857;650538.315969
34;247;600313.525850;650713.813969
34;244;599987.832676;651933.067514
34;243;600794.255412;653136.482680
34;240;601671.593975;650045.792380
34;239;600715.533221;650770.386579
34;238;600283.514429;648629.371179
34;237;601481.047592;649332.332047
34;236;601589.330514;649179.104342
34;235;601532.528222;650510.397301
34;233;601514.911596;650068.348954
34;232;600325.035764;649257.052579
34;231;601337.784585;649866.942947
34;229;600284.643085;653002.162496
35;300;600801.869958;649730.032136
35;298;600236.876706;649112.899181
35;295;600030.651665;651928.353400
35;294;600619.404182;648951.838671
35;293;601777.598663;651400.147355
35;290;601976.982752;650184.426394
35;288;600384.426337;650135.919067
35;287;600162.009490;652567.568765
35;286;602177.247788;649346.012291
35;285;600228.910145;650017.816138
35;282;601444.182169;651442.911140
35;281;600190.355665;649686.231874
35;279;601027.124090;649330.715251
35;278;599933.394364;649964.500752
35;277;601916.986105;650077.426961
35;275;600417.844322;650529.417888
35;274;600047.685980;649499.527413
35;272;600722.831242;649476.799049
35;271;600066.660671;650889.268020
35;269;600182.323101;651253.894129
35;267;601425.552067;651021.580236
35;266;600781.364939;651560.537948
35;265;600503.465212;652299.171293
35;264;600897.672122;650964.808753
35;263;600322.352944;649397.039610
35;262;602011.980272;649667.055568
35;261;600163.886828;651335.927176
35;260;599890.083080;650617.618232
35;258;600078.941324;651854.245087
35;256;601428.150315;650692.507349
35;255;601027.839567;652554.729750
35;254;600260.766982;648885.657367
35;252;600334.105244;650345.996778
35;251;601262.933952;648739.224112
35;250;600743.512751;648668.267964
35;249;600063.864335;650115.454143
35;248;601441.578605;650414.249938
35;247;600313.525850;650713.813969
35;244;599987.832676;651933.067514
35;243;600824.420510;653340.271284
35;240;601671.593975;650045.792380
35;239;600905.962279;650724.717461
35;238;600283.514429;648629.371179
35;237;600691.657453;648542.017528
35;236;601589.330514;649179.104342
35;235;601532.528222;650510.397301
35;233;601514.911596;650068.348954
35;232;600325.035764;649257.052579
35;231;601337.784585;649866.942947
35;229;600284.643085;653002.162496
36;300;600801.869958;649730.032136
36;298;600237.437566;649266.440475
36;295;600030.651665;651928.353400
36;294;600619.404182;648951.838671
36;293;601777.598663;651400.147355
36;290;601976.982752;650184.426394
36;288;600384.426337;650135.919067
36;287;600162.009490;652567.568765
36;286;602177.247788;649346.012291
36;285;600228.910145;650017.816138
36;282;601444.182169;651442.911140
36;281;601027.227069;650195.412116
36;279;601027.124090;649330.715251
36;278;599933.394364;649964.500752
36;277;601244.401859;649203.507501
36;275;600417.844322;650529.417888
36;274;600939.653675;649357.372455
36;272;600722.831242;649476.799049
36;271;600252.078345;650934.572145
36;269;600748.977566;652054.478153
36;267;601425.552067;651021.580236
36;266;600781.364939;651560.537948
36;265;600503.465212;652299.171293
36;264;600897.672122;650964.808753
36;263;600322.352944;649397.039610
36;262;602011.980272;649667.055568
36;261;601215.815821;651139.273576
36;260;599890.083080;650617.618232
36;258;600078.941324;651854.245087
36;256;601428.150315;650692.507349
36;255;601027.839567;652554.729750
36;254;600112.010375;649004.098097
36;252;600518.996612;650373.585383
36;251;601262.933952;648739.224112
36;250;600743.512751;648668.267964
36;249;600063.864335;650115.454143
36;248;601429.667799;650616.232268
36;247;601204.724327;651383.598804
36;244;599987.832676;651933.067514
36;243;600793.947438;653544.014063
36;240;600901.184356;649368.113214
36;239;601085.563311;650802.771055
36;238;600283.514429;648629.371179
36;237;600691.657453;648542.017528
36;236;600706.053107;649012.210134
36;235;601532.528222;650510.397301
36;233;601514.911596;650068.348954
36;232;600325.035764;649257.052579
36;231;601337.784585;649866.942947
36;229;600284.643085;653002.162496
37;300;600801.869958;649730.032136
37;298;600390.705258;649275.619690
37;295;600030.651665;651928.353400
37;294;601315.146956;649803.276526
37;293;601652.532975;651228.477724
37;290;601976.982752;650184.426394
37;288;600384.426337;650135.919067
37;287;600909.168116;653344.943037
37;286;602048.542891;649245.102052
37;285;600228.910145;650017.816138
37;282;601444.182169;651442.911140
37;281;600368.125689;650920.121462
37;279;601027.124090;649330.715251
37;278;599933.394364;649964.500752
37;277;601244.401859;649203.507501
37;275;600417.844322;650529.417888
37;274;601588.653616;649985.555133
37;272;600722.831242;649476.799049
37;271;600442.082673;650916.391580
37;269;600748.977566;652054.478153
37;267;601425.552067;651021.580236
37;266;600781.364939;651560.537948
37;265;600503.465212;652299.171293
37;264;600897.672122;650964.808753
37;263;600322.352944;649397.039610
37;262;602011.980272;649667.055568
37;261;600229.187572;651553.751494
37;260;600063.147792;650617.516566
37;258;600078.941324;651854.245087
37;256;601428.150315;650692.507349
37;255;601027.839567;652554.729750
37;254;600301.008112;649024.992836
37;252;600412.429892;650527.174066
37;251;601262.933952;648739.224112
37;250;600743.512751;648668.267964
37;249;599981.387294;651159.761052
37;248;601526.801490;650793.725296
37;247;601204.724327;651383.598804
37;244;599987.832676;651933.067514
37;243;600793.947438;653544.014063
37;240;600082.556227;648749.543880
37;239;601281.202148;650794.149000
37;238;600283.514429;648629.371179
37;237;600691.657453;648542.017528
37;236;601599.598868;648914.186526
37;235;600962.536020;649913.602517
37;233;601514.911596;650068.348954
37;232;600325.035764;649257.052579
37;231;601337.784585;649866.942947
37;229;600284.643085;653002.162496
38;300;600801.869958;649730.032136
38;298;600542.002939;649301.777959
38;295;600030.651665;651928.353400
38;294;601249.197378;650900.844328
38;293;601652.532975;651228.477724
38;290;601976.982752;650184.426394
38;288;600384.426337;650135.919067
38;287;600909.168116;653344.943037
38;286;601935.211684;649127.187402
38;285;600228.910145;650017.816138
38;282;601444.182169;651442.911140
38;281;600368.125689;650920.121462
38;279;601027.124090;649330.715251
38;278;599933.394364;649964.500752
38;277;601244.401859;649203.507501
38;275;600417.844322;650529.417888
38;274;600696.082425;650123.870241
38;272;600722.831242;649476.799049
38;271;600599.078680;651024.947701
38;269;600036.768038;651380.097214
38;267;601425.552067;651021.580236
38;266;600781.364939;651560.537948
38;265;600377.475570;652121.024110
38;264;600897.672122;650964.808753
38;263;600322.352944;649397.039610
38;262;602011.980272;649667.055568
38;261;600758.705459;652483.718189
38;260;599922.833383;650718.824372
38;258;600078.941324;651854.245087
38;256;601428.150315;650692.507349
38;255;601027.839567;652554.729750
38;254;600111.664607;649042.479168
38;252;600225.931191;650539.987491
38;251;601262.933952;648739.224112
38;250;600743.512751;648668.267964
38;249;600620.168363;651990.024942
38;248;601720.112821;650853.470238
38;247;600360.569002;650655.417344
38;244;599987.832676;651933.067514
38;243;600638.795772;653408.486616
38;240;600082.556227;648749.543880
38;239;601139.617031;650929.435914
38;238;600283.514429;648629.371179
38;237;600691.657453;648542.017528
38;236;601599.598868;648914.186526
38;235;600332.603883;649380.460297
38;233;601514.911596;650068.348954
38;232;600325.035764;649257.052579
38;231;601337.784585;649866.942947
38;229;600284.643085;653002.162496
39;300;600801.869958;649730.032136
39;298;600695.288156;649310.659722
39;295;600030.651665;651928.353400
39;294;601098.402691;651990.002439
39;293;601652.532975;651228.477724
39;290;601976.982752;650184.426394
39;288;600384.426337;650135.919067
39;287;600120.643337;652609.561881
39;286;601935.211684;649127.187402
39;285;600228.910145;650017.816138
39;282;601444.182169;651442.911140
39;281;600368.125689;650920.121462
39;279;601027.124090;649330.715251
39;278;599933.394364;649964.500752
39;277;601244.401859;649203.507501
39;275;600417.844322;650529.417888
39;274;599884.289203;650519.857825
39;272;600722.831242;649476.799049
39;271;600789.400741;651039.428397
39;269;600036.768038;651380.097214
39;267;601425.552067;651021.580236
39;266;600781.364939;651560.537948
39;265;600203.817556;651988.915431
39;264;600897.672122;650964.808753
39;263;600322.352944;649397.039610
39;262;602011.980272;649667.055568
39;261;600758.705459;652483.718189
39;260;600087.595486;650771.785246
39;258;600078.941324;651854.245087
39;256;601428.150315;650692.507349
39;255;601027.839567;652554.729750
39;254;600251.881354;649170.915917
39;252;600225.931191;650539.987491
39;251;601262.933952;648739.224112
39;250;600743.512751;648668.267964
39;249;600620.168363;651990.024942
39;248;601636.538897;651037.736698
39;247;600360.569002;650655.417344
39;244;599987.832676;651933.067514
39;243;600480.396104;653276.769975
39;240;600082.556227;648749.543880
39;239;601255.725998;651087.130563
39;238;600283.514429;648629.371179
39;237;600691.657453;648542.017528
39;236;601599.598868;648914.186526
39;235;599843.495799;648715.758555
39;233;601514.911596;650068.348954
39;232;600325.035764;649257.052579
39;231;601337.784585;649866.942947
39;229;601126.877516;653538.780584
40;300;600801.869958;649730.032136
40;298;600818.117160;649402.791580
40;295;600030.651665;651928.353400
40;294;601098.402691;651990.002439
40;293;601652.532975;651228.477724
40;290;601976.982752;650184.426394
40;288;600384.426337;650135.919067
40;287;600120.643337;652609.561881
40;286;601935.211684;649127.187402
40;285;600442.800769;649958.121589
40;282;601584.910863;651599.546477
40;281;600368.125689;650920.121462
40;279;601027.124090;649330.715251
40;278;599933.394364;649964.500752
40;277;601244.401859;649203.507501
40;275;600417.844322;650529.417888
40;274;599884.289203;650519.857825
40;272;600722.831242;649476.799049
40;271;600799.142183;651230.051801
40;269;601014.735105;651455.013695
40;267;601425.552067;651021.580236
40;266;600781.364939;651560.537948
40;265;600051.859721;651832.331189
40;264;600897.672122;650964.808753
40;263;600322.352944;649397.039610
40;262;602011.980272;649667.055568
40;261;599993.017754;651736.088879
40;260;600241.227180;650851.464023
40;258;600078.941324;651854.245087
40;256;601428.150315;650692.507349
40;255;601027.839567;652554.729750
40;254;600091.645570;649273.293787
40;252;600225.931191;650539.987491
40;251;601262.933952;648739.224112
40;250;600743.512751;648668.267964
40;249;599902.532135;651226.888240
40;248;601660.887086;651238.599573
40;247;600360.569002;650655.417344
40;244;599987.832676;651933.067514
40;243;600326.339847;653139.998640
40;240;600082.556227;648749.543880
40;239;601440.088161;651021.104149
40;238;600283.514429;648629.371179
40;237;600691.657453;648542.017528
40;236;601599.598868;648914.186526
40;235;599843.495799;648715.758555
40;233;601514.911596;650068.348954
40;232;601206.785892;649017.721692
40;231;601218.429819;649732.668552
40;229;601126.877516;653538.780584
41;300;601718.675879;649796.823322
41;298;600968.211618;649370.435793
41;295;600030.651665;651928.353400
41;294;601098.402691;651990.002439
41;293;601652.532975;651228.477724
41;290;601976.982752;650184.426394
41;288;600384.426337;650135.919067
41;287;601157.216673;652312.791783
41;286;601935.211684;649127.187402
41;285;600652.590112;650030.930034
41;282;601438.125247;651750.520571
41;281;600368.125689;650920.121462
41;279;601027.124090;649330.715251
41;278;599933.394364;649964.500752
41;277;601244.401859;649203.507501
41;275;600417.844322;650529.417888
41;274;599884.289203;650519.857825
41;272;600722.831242;649476.799049
41;271;600989.795966;651220.924219
41;269;601014.735105;651455.013695
41;267;601425.552067;651021.580236
41;266;600781.364939;651560.537948
41;265;599902.606850;651673.166528
41;264;600897.672122;650964.808753
41;263;600764.481701;650219.880296
41;262;602011.980272;649667.055568
41;261;599993.017754;651736.088879
41;260;600412.395316;650877.015423
41;258;600078.941324;651854.245087
41;256;601317.044336;650546.789429
41;255;601027.839567;652554.729750
41;254;600267.671628;649345.207359
41;252;600225.931191;650539.987491
41;251;601262.933952;648739.224112
41;250;600743.512751;648668.267964
41;249;599902.532135;651226.888240
41;248;601660.887086;651238.599573
41;247;600360.569002;650655.417344
41;244;599987.832676;651933.067514
41;243;600168.273918;653007.881683
41;240;600082.556227;648749.543880
41;239;601249.703551;651066.958210
41;238;600283.514429;648629.371179
41;237;600691.657453;648542.017528
41;236;601599.598868;648914.186526
41;235;599843.495799;648715.758555
41;233;601514.911596;650068.348954
41;232;600308.477178;648850.976330
41;231;601092.342480;649604.695290
41;229;600448.807269;652805.610380
42;300;600842.780764;650075.753255
42;298;601090.901323;649462.753070
42;295;600030.651665;651928.353400
42;294;601098.402691;651990.002439
42;293;601652.532975;651228.477724
42;290;601792.928351;650162.402805
42;288;600384.426337;650135.919067
42;287;601157.216673;652312.791783
42;286;601935.211684;649127.187402
42;285;600652.590112;650030.930034
42;282;601438.125247;651750.520571
42;281;600368.125689;650920.121462
42;279;601027.124090;649330.715251
42;278;599933.394364;649964.500752
42;277;601244.401859;649203.507501
42;275;600417.844322;650529.417888
42;274;600670.059630;650965.255667
42;272;600722.831242;649476.799049
42;271;601176.191922;651179.830120
42;269;600466.544422;650641.675489
42;267;601425.552067;651021.580236
42;266;600781.364939;651560.537948
42;265;599902.606850;651673.166528
42;264;601951.701346;650862.083364
42;263;601685.978310;650066.946871
42;262;602011.980272;649667.055568
42;261;599993.017754;651736.088879
42;260;600246.537119;650827.594139
42;258;600078.941324;651854.245087
42;256;601189.530003;650415.190242
42;255;601027.839567;652554.729750
42;254;600352.582310;649515.345276
42;252;600225.931191;650539.987491
42;251;601262.933952;648739.224112
42;250;600743.512751;648668.267964
42;249;600921.074130;651471.738368
42;248;601516.154181;651097.209633
42;247;600360.569002;650655.417344
42;244;599987.832676;651933.067514
42;243;600168.273918;653007.881683
42;240;600082.556227;648749.543880
42;239;601123.225306;651216.464557
42;238;600283.514429;648629.371179
42;237;600691.657453;648542.017528
42;236;601599.598868;648914.186526
42;235;599843.495799;648715.758555
42;233;601514.911596;650068.348954
42;232;600308.477178;648850.976330
42;231;600968.750761;649474.310244
42;229;600448.807269;652805.610380
43;300;601738.894685;650280.628826
43;298;601046.446003;649609.718944
43;295;600030.651665;651928.353400
43;294;601098.402691;651990.002439
43;293;601652.532975;651228.477724
43;290;601976.283776;650135.165896
43;288;600384.426337;650135.919067
43;287;601157.216673;652312.791783
43;286;601935.211684;649127.187402
43;285;600652.590112;650030.930034
43;282;601290.431723;651600.434538
43;281;600368.125689;650920.121462
43;279;601027.124090;649330.715251
43;278;599933.394364;649964.500752
43;277;601244.401859;649203.507501
43;275;600417.844322;650529.417888
43;274;601553.203110;651154.654702
43;272;600722.831242;649476.799049
43;271;601365.570113;651203.664516
43;269;599761.927820;649959.365071
43;267;601425.552067;651021.580236
43;266;600781.364939;651560.537948
43;265;600059.086704;651825.231856
43;264;601951.701346;650862.083364
43;263;601685.978310;650066.946871
43;262;602011.980272;649667.055568
43;261;599993.017754;651736.088879
43;260;600308.692641;650989.112237
43;258;600078.941324;651854.245087
43;256;601079.886094;650268.369044
43;255;601027.839567;652554.729750
43;254;600231.184746;649368.991711
43;252;600225.931191;650539.987491
43;251;601262.933952;648739.224112
43;250;600743.512751;648668.267964
43;249;600966.283408;652518.321142
43;248;601376.799620;650950.515955
43;247;600360.569002;650655.417344
43;244;599987.832676;651933.067514
43;243;600168.273918;653007.881683
43;240;601082.441843;648979.780257
43;239;601318.322210;651199.550295
43;238;600283.514429;648629.371179
43;237;600691.657453;648542.017528
43;236;601599.598868;648914.186526
43;235;600666.012940;648782.994534
43;233;601514.911596;650068.348954
43;232;600308.477178;648850.976330
43;231;600850.667574;649338.916248
43;229;600448.807269;652805.610380
44;300;601738.894685;650280.628826
44;298;601009.989958;649758.870545
44;295;600030.651665;651928.353400
44;294;601098.402691;651990.002439
44;293;601652.532975;651228.477724
44;290;601976.283776;650135.165896
44;288;600384.426337;650135.919067
44;287;601157.216673;652312.791783
44;286;601935.211684;649127.187402
44;285;600652.590112;650030.930034
44;282;601161.554204;651433.911928
44;281;600368.125689;650920.121462
44;279;601027.124090;649330.715251
44;278;599933.394364;649964.500752
44;277;601244.401859;649203.507501
44;275;600417.844322;650529.417888
44;274;601553.203110;651154.654702
44;272;601483.560200;649699.530283
44;271;601541.508253;651129.651350
44;269;599761.927820;649959.365071
44;267;601425.552067;651021.580236
44;266;599919.761475;650924.126645
44;265;599955.260307;652017.143002
44;264;601232.143473;650085.059182
44;263;601035.490917;649396.565797
44;262;602011.980272;649667.055568
44;261;600997.580428;652104.980569
44;260;600479.943673;651014.102006
44;258;600078.941324;651854.245087
44;256;600932.470518;650159.525584
44;255;601027.839567;652554.729750
44;254;600421.017846;649358.031368
44;252;600225.931191;650539.987491
44;251;601262.933952;648739.224112
44;250;600743.512751;648668.267964
44;249;600754.026041;653544.150656
44;248;601211.838578;650833.355451
44;247;601283.792831;651280.320707
44;244;599987.832676;651933.067514
44;243;600168.273918;653007.881683
44;240;600996.491407;650002.224659
44;239;601123.344139;651181.317190
44;238;600283.514429;648629.371179
44;237;600691.657453;648542.017528
44;236;601599.598868;648914.186526
44;235;601305.827810;649304.235415
44;233;601514.911596;650068.348954
44;232;600826.368084;649603.672530
44;231;600724.506437;649211.015738
44;229;600448.807269;652805.610380
45;300;601061.044517;649659.731645
45;298;600872.712269;649690.094972
45;295;600030.651665;651928.353400
45;294;601098.402691;651990.002439
45;293;601652.532975;651228.477724
45;290;601976.283776;650135.165896
45;288;600384.426337;650135.919067
45;287;601157.216673;652312.791783
45;286;601935.211684;649127.187402
45;285;600652.590112;650030.930034
45;282;601035.620542;651265.152019
45;281;600368.125689;650920.121462
45;279;601187.966557;649440.466425
45;278;599933.394364;649964.500752
45;277;601244.401859;649203.507501
45;275;600417.844322;650529.417888
45;274;600870.413928;650563.373607
45;272;601820.273318;650417.124894
45;271;601352.961234;651159.353193
45;269;599761.927820;649959.365071
45;267;601425.552067;651021.580236
45;266;599919.761475;650924.126645
45;265;600159.867989;652092.942113
45;264;600436.548262;649386.089677
45;263;600310.374787;648807.709931
45;262;602011.980272;649667.055568
45;261;600997.580428;652104.980569
45;260;600479.943673;651014.102006
45;258;600078.941324;651854.245087
45;256;600785.796339;650049.685081
45;255;601027.839567;652554.729750
45;254;600545.819508;649501.493139
45;252;600225.931191;650539.987491
45;251;601262.933952;648739.224112
45;250;600743.512751;648668.267964
45;249;600754.026041;653544.150656
45;248;601054.690322;650705.906816
45;247;600479.389892;650508.451311
45;244;599987.832676;651933.067514
45;243;600168.273918;653007.881683
45;240;601447.052839;650924.056764
45;239;601168.256657;651371.926110
45;238;600283.514429;648629.371179
45;237;600691.657453;648542.017528
45;236;601599.598868;648914.186526
45;235;601698.351359;650030.169563
45;233;601514.911596;650068.348954
45;232;601712.583005;649825.901409
45;231;600605.064454;649076.818921
45;229;600448.807269;652805.610380
46;300;600416.280189;649004.542268
46;298;600872.712269;649690.094972
46;295;600030.651665;651928.353400
46;294;601098.402691;651990.002439
46;293;601652.532975;651228.477724
46;290;601976.283776;650135.165896
46;288;600384.426337;650135.919067
46;287;601157.216673;652312.791783
46;286;601935.211684;649127.187402
46;285;600652.590112;650030.930034
46;282;600878.482666;651124.984682
46;281;600368.125689;650920.121462
46;279;601374.577343;649496.072482
46;278;599933.394364;649964.500752
46;277;601244.401859;649203.507501
46;275;600417.844322;650529.417888
46;274;600256.643623;649900.727084
46;272;601820.273318;650417.124894
46;271;601508.707855;651269.694335
46;269;599761.927820;649959.365071
46;267;601425.552067;651021.580236
46;266;599919.761475;650924.126645
46;265;600356.228525;652188.085943
46;264;600436.548262;649386.089677
46;263;600310.374787;648807.709931
46;262;602011.980272;649667.055568
46;261;600220.166245;651369.552508
46;260;600479.943673;651014.102006
46;258;600078.941324;651854.245087
46;256;600664.600856;649912.244527
46;255;601027.839567;652554.729750
46;254;600694.966212;649619.442262
46;252;600407.988068;650582.428545
46;251;601354.764334;648884.887787
46;250;600743.512751;648668.267964
46;249;600754.026041;653544.150656
46;248;600907.516383;650567.059560
46;247;600479.389892;650508.451311
46;244;599987.832676;651933.067514
46;243;600168.273918;653007.881683
46;240;601294.235493;651938.663532
46;239;600999.264244;651470.872857
46;238;600283.514429;648629.371179
46;237;600691.657453;648542.017528
46;236;601599.598868;648914.186526
46;235;601662.129873;650854.634922
46;233;601514.911596;650068.348954
46;232;601712.583005;649825.901409
46;231;600605.064454;649076.818921
46;229;600448.807269;652805.610380
47;300;600416.280189;649004.542268
47;298;600872.712269;649690.094972
47;295;600030.651665;651928.353400
47;294;601098.402691;651990.002439
47;293;601652.532975;651228.477724
47;290;601976.283776;650135.165896
47;288;600384.426337;650135.919067
47;287;601157.216673;652312.791783
47;286;601935.211684;649127.187402
47;285;600652.590112;650030.930034
47;282;600740.099631;650966.273215
47;281;600368.125689;650920.121462
47;279;601194.298581;649422.484527
47;278;599933.394364;649964.500752
47;277;601244.401859;649203.507501
47;275;600417.844322;650529.417888
47;274;600256.643623;649900.727084
47;272;601190.319066;649936.006001
47;271;601604.924468;651434.541358
47;269;599761.927820;649959.365071
47;267;601425.552067;651021.580236
47;266;599919.761475;650924.126645
47;265;600402.916109;652401.229271
47;264;600436.548262;649386.089677
47;263;600310.374787;648807.709931
47;262;601853.326791;649541.906721
47;261;600220.166245;651369.552508
47;260;600479.943673;651014.102006
47;258;600078.941324;651854.245087
47;256;600537.187988;649780.547101
47;255;601027.839567;652554.729750
47;254;600673.750727;649808.404264
47;252;600502.664411;650743.618927
47;251;601354.764334;648884.887787
47;250;600743.512751;648668.267964
47;249;600754.026041;653544.150656
47;248;600731.616955;650467.068960
47;247;600479.389892;650508.451311
47;244;599987.832676;651933.067514
47;243;600168.273918;653007.881683
47;240;601294.235493;651938.663532
47;239;600887.462220;651631.649727
47;238;600283.514429;648629.371179
47;237;600691.657453;648542.017528
47;236;601599.598868;648914.186526
47;235;601662.129873;650854.634922
47;233;601514.911596;650068.348954
47;232;601011.290510;649240.280885
47;231;600605.064454;649076.818921
47;229;600448.807269;652805.610380
48;300;600558.982077;649912.633855
48;298;600872.712269;649690.094972
48;295;600030.651665;651928.353400
48;294;601098.402691;651990.002439
48;293;601496.226900;651084.671259
48;290;601976.283776;650135.165896
48;288;600384.426337;650135.919067
48;287;601157.216673;652312.791783
48;286;601935.211684;649127.187402
48;285;600652.590112;650030.930034
48;282;600614.140015;650797.532676
48;281;600368.125689;650920.121462
48;279;601194.298581;649422.484527
48;278;601086.666274;649950.579113
48;277;601244.401859;649203.507501
48;275;600417.844322;650529.417888
48;274;600376.144306;650796.011389
48;272;600623.111447;649382.297353
48;271;601422.123999;651489.460990
48;269;599761.927820;649959.365071
48;267;601425.552067;651021.580236
48;266;599919.761475;650924.126645
48;265;600612.277661;652462.691041
48;264;600436.548262;649386.089677
48;263;600310.374787;648807.709931
48;262;601732.582858;649379.875663
48;261;600220.166245;651369.552508
48;260;600479.943673;651014.102006
48;258;600078.941324;651854.245087
48;256;600408.423071;649650.171309
48;255;601027.839567;652554.729750
48;254;600612.539365;649988.431773
48;252;600502.664411;650743.618927
48;251;601354.764334;648884.887787
48;250;600743.512751;648668.267964
48;249;600754.026041;653544.150656
48;248;600599.467368;650313.852722
48;247;600479.389892;650508.451311
48;244;600005.730261;652093.230840
48;243;600168.273918;653007.881683
48;240;600531.701836;651252.134250
48;239;600875.173666;651827.092521
48;238;600283.514429;648629.371179
48;237;600691.657453;648542.017528
48;236;601599.598868;648914.186526
48;235;601059.432127;650290.888037
48;233;601514.911596;650068.348954
48;232;600415.237320;648547.833663
48;231;600605.064454;649076.818921
48;229;600448.807269;652805.610380
49;300;601321.308486;650426.299705
49;298;600872.712269;649690.094972
49;295;600030.651665;651928.353400
49;294;601098.402691;651990.002439
49;293;601333.416609;650948.272221
49;290;601976.283776;650135.165896
49;288;600384.426337;650135.919067
49;287;601157.216673;652312.791783
49;286;601935.211684;649127.187402
49;285;600652.590112;650030.930034
49;282;600463.509336;650650.394670
49;281;600368.125689;650920.121462
49;279;601194.298581;649422.484527
49;278;600299.496308;650793.546108
49;277;601244.401859;649203.507501
49;275;600284.704999;650411.381494
49;274;600548.029045;651682.730081
49;272;600005.273553;648885.714946
49;271;601422.123999;651489.460990
49;269;600709.804956;650211.478136
49;267;601425.552067;651021.580236
49;266;599919.761475;650924.126645
49;265;600800.045710;652573.834949
49;264;600436.548262;649386.089677
49;263;600630.125517;649685.379632
49;262;601579.648454;649247.799060
49;261;600220.166245;651369.552508
49;260;600479.943673;651014.102006
49;258;600078.941324;651854.245087
49;256;600276.674052;649522.811790
49;255;601027.839567;652554.729750
49;254;600527.177507;650158.343773
49;252;600502.664411;650743.618927
49;251;601354.764334;648884.887787
49;250;600743.512751;648668.267964
49;249;600754.026041;653544.150656
49;248;600447.066268;650180.763903
49;247;600479.389892;650508.451311
49;244;600005.730261;652093.230840
49;243;600168.273918;653007.881683
49;240;599813.800495;650519.060107
49;239;600939.531518;652012.043762
49;238;600283.514429;648629.371179
49;237;600691.657453;648542.017528
49;236;601599.598868;648914.186526
49;235;601059.432127;650290.888037
49;233;601514.911596;650068.348954
49;232;600415.237320;648547.833663
49;231;600605.064454;649076.818921
49;229;600448.807269;652805.610380
